elemento_item_cod;elemento_item_descricao;elemento_item_interpretacao
101;PROVENTOS DE APOSENTADOS;DESPESAS COM O PAGAMENTO DE PROVENTOS AO PESSOAL CIVIL E AO EXERCENTE DE MANDATO ELETIVO (O PAGAMENTO DO 13° SALÁRIO DEVERÁ SER APROPRIADO EM ELEMENTO ITEM PRÓPRIO: 01-09).
103;PROVENTOS DE MILITARES INATIVOS;DESPESAS COM O PAGAMENTO DE PROVENTOS AO PESSOAL MILITAR.
105;APOSENTADORIA IPSEMG ? LEI Nº 1.195, DE 23/12/1954;DESPESAS COM O PAGAMENTO DE APOSENTADORIA A CONTRIBUINTES CONVENIADOS DO IPSEMG, CONFORME LEGISLAÇÃO ESPECÍFICA.
108;SUBSÍDIO APOSENTADOS DA EDUCAÇÃO;DESPESA COM PAGAMENTO DE SUBSÍDIO A APOSENTADOS DA SECRETARIA DE EDUCAÇÃO, CONFORME LEGISLAÇÃO ESPECÍFICA.
109;GRATIFICAÇÃO DE NATAL - INATIVO CIVIL;GRATIFICAÇÃO DEVIDA ANUALMENTE AO APOSENTADO CIVIL (VINCULADOS AO RPPS OU A OUTROS INSTITUTOS PRÓPRIOS DE PREVIDÊNCIA), CORRESPONDENTE À SUA REMUNERAÇÃO, DE ACORDO COM A LEGISLAÇÃO EM VIGOR.
110;GRATIFICAÇÃO DE NATAL –INATIVO MILITAR;GRATIFICAÇÃO DEVIDA ANUALMENTE AO APOSENTADO MILITAR (DA RESERVA OU REFORMADO), CORRESPONDENTE À SUA REMUNERAÇÃO, DE ACORDO COM A LEGISLAÇÃO EM VIGOR.
307;PENSÕES CIVIS DO RPPS;PAGAMENTO DE PENSÕES DO SERVIDOR CIVIL E DO EXERCENTE DE MANDATO ELETIVO DO RPPS.
308;PENSÕES DO MILITAR;PAGAMENTO DE PENSÕES DO MILITAR.
309;GRATIFICAÇÃO DE NATAL;GRATIFICAÇÃO DEVIDA ANUALMENTE AO PENSIONISTA, CORRESPONDENTE À SUA PENSÃO, DE ACORDO COM A LEGISLAÇÃO EM VIGOR
401;CONTRATAÇÃO POR TEMPO DETERMINADO;DESPESAS ORÇAMENTÁRIAS COM A CONTRATAÇÃO DE PESSOAL POR TEMPO DETERMINADO, EXCLUÍDOS OS DESIGNADOS DO MAGISTÉRIO, PARA ATENDER À NECESSIDADE TEMPORÁRIA DE EXCEPCIONAL INTERESSE PÚBLICO, EM OBEDIÊNCIA AO DISPOSTO NA LEI Nº 23.750 DE 23/12/2020 E NOS INCISOS I, II, III, IV, V, VI DO ART. 2º DO DECRETO Nº 48.097 DE 23/12/2020 (O PAGAMENTO DO 13° SALÁRIO E DO ABONO DE FÉRIAS DEVERÃO SER APROPRIADOS EM ELEMENTOS ITENS PRÓPRIOS: 04-10 E 04-11, RESPECTIVAMENTE).
403;OBRIGAÇÃO PATRONAL – CONTRATOS POR TEMPO DETERMINADO - INSS;DESPESAS COM OBRIGAÇÃO PATRONAL QUE A ADMINISTRAÇÃO PÚBLICA TEM COM O INSS PELA SUA CONDIÇÃO DE EMPREGADORA NOS CONTRATOS DE MÃO-DE-OBRA POR TEMPO DETERMINADO PARA ATENDER À NECESSIDADE DE INTERESSE PÚBLICO, EM OBEDIÊNCIA AO DISPOSTO NA LEI Nº 23.750 DE 23/12/2020 E NOS INCISOS I, II, III, IV, V, VI DO ART. 2º DO DECRETO Nº 48.097 DE 23/12/2020.
404;OBRIGAÇÃO PATRONAL - CONTRATOS POR TEMPO DETERMINADO - ASSISTÊNCIA À SAÚDE;DESPESA COM OBRIGAÇÃO PATRONAL REFERENTE AO AUXÍLIO ASSISTÊNCIA MÉDICA, HOSPITALAR E ODONTOLÓGICA DESTINADA AOS BENEFICIÁRIOS DO IPSEMG CONTRATADOS POR TEMPO DETERMINADO PARA ATENDER À NECESSIDADE DE INTERESSE PÚBLICO, EM OBEDIÊNCIA AO DISPOSTO NA LEI Nº 23.750 DE 23/12/2020 E NOS INCISOS I, II, III, IV, V, VI DO ART. 2º DO DECRETO Nº 48.097 DE 23/12/2020.
405;AGENTESPENITENCIÁRIOS;DESPESAS COM O PAGAMENTO DE AGENTES PENITENCIÁRIOS CONSTANTES DE CONTRATOS DE TERCEIRIZAÇÃO
406;SALÁRIO-FAMÍLIA;BENEFÍCIO PECUNIÁRIO DEVIDO AOS DEPENDENTES ECONÔMICOS DOS CONTRATADOS EM SUBSTITUIÇÃO À SERVIDORES E EMPREGADOS PÚBLICOS, EXCLUSIVE OS REGIDOS PELA CONSOLIDAÇÃO DAS LEIS DO TRABALHO – CLT, OS QUAIS SÃO PAGOS À CONTA DO PLANO DE BENEFÍCIOS DA PREVIDÊNCIA SOCIAL.
407;ABONO – RATEIO DOS RECURSOS DO FUNDEB - CONTRATAÇÃO POR TEMPO DETERMINADO;ABONO CONCEDIDO AOS PROFISSIONAIS CONTRATADOS DA EDUCAÇÃO BÁSICA, EXCLUIDOS OS DESIGNADOS DO MAGISTÉRIO DECORRENTE DE RECURSO REMANESCENTE DO FUNDO DE MANUTENÇÃO E DESELVOVIMENTO DA EDUCAÇÃO BÁSICA E DE VALORIAÇÃO DOS PROFISSIONAIS DA EDUCAÇÃO - FUNDEB, CONFORME DISPOSTO NO ART. 26 DA LEI FEDEREL Nº 14.113, DE 25 DE DEZEMBRO DE 2020 E EM ONSERVÂNCIA AOS CRITÉRIOS ESTABELECIDOS PELO DECRETO ESTADUAL Nº 48.325/2021.
408;ABONO – RATEIO DOS RECURSOS DO FUNDEB - OBRIGAÇÃO PATRONAL COM CONTRATOS POR TEMPO DETERMINADO - INSS;DESPESAS COM OBRIGAÇÃO PATRONAL QUE A ADMINISTRAÇÃO PÚBLICA TEM COM O INSS, PELA SUA CONDIÇÃO DE EMPREGADORA NOS CONTRATOS DE MÃO-DE-OBRA POR TEMPO DETERMINADO PARA ATENDER À NECESSIDADE DE INTERESSE PÚBLICO, CONSIDERANDO O ABONO CONCEDIDO AOS PROFISSIONAIS DA EDUCAÇÃO BÁSICA DECORRENTE DE RECURSO REMANESCENTE DO FUNDO  DE MANUTENÇÃO E DESENVOLVIMENTO DA EDUCAÇÃO BÁSICA E DE VALORIZAÇÃO DOS PROFISSIONAIS DA EDUCAÇÃO  - FUNDEB, CONFORME DISPOSTO NO ART. 26 DA LEI FEDEREL Nº 14.113, DE 25 DE DEZEMBRO DE 2020 E EM ONSERVÂNCIA AOS CRITÉRIOS ESTABELECIDOS PELO DECRETO ESTADUAL Nº 48.325/2021.
409;OBRIGAÇÃO PATRONAL – CONTRATOS POR TEMPO DETERMINADO – ENCARGOS POR PAGAMENTO EM ATRASO;DESPESAS COM ENCARGOS RESULTANTES DO PAGAMENTO EM ATRASO DAS OBRIGAÇÕES PATRONAIS DOS CONTRATOS POR TEMPO DETERMINADO.
410;ABONO DE FÉRIAS;VANTAGEM DEVIDA AO CONTRATADO POR OCASIÃO DE SUAS FÉRIAS REGULAMENTARES
411;GRATIFICAÇÃO DE NATAL  ;GRATIFICAÇÃO DEVIDA ANUALMENTE AO CONTRATADO POR TEMPO DETERMINADO, CORRESPONDENTE À SUA REMUNERAÇÃO, DE ACORDO COM A LEGISLAÇÃO EM VIGOR.  
412;OBRIGAÇÃO PATRONAL – GRATIFICAÇÃO DE NATAL – CONTRATOS POR TEMPO DETERMINADO – INSS;DESPESAS COM OBRIGAÇÃO PATRONAL QUE INCIDEM SOBRE A GRATIFICAÇÃO DE NATAL, QUE A ADMINISTRAÇÃO PÚBLICA TEM COM O INSS PELA SUA CONDIÇÃO DE EMPREGADORA NOS CONTRATOS DE MÃO-DE-OBRA POR TEMPO DETERMINADO PARA ATENDER À NECESSIDADE DE INTERESSE PÚBLICO, EM OBEDIÊNCIA AO DISPOSTO NA LEI Nº 23.750 DE 23/12/2020 E NOS INCISOS I, II, III, IV, V, VI DO ART. 2º DO DECRETO Nº 48.097 DE 23/12/2020.
413;OBRIGAÇÃO PATRONAL – GRATIFICAÇÃO DE NATAL – CONTRATOS POR TEMPO DETERMINADO - ASSISTÊNCIA À SAÚDE;DESPESA COM OBRIGAÇÃO PATRONAL QUE INCIDEM SOBRE A GRATIFICAÇÃO DE NATAL REFERENTE AO AUXÍLIO ASSISTÊNCIA MÉDICA, HOSPITALAR E ODONTOLÓGICA DESTINADA AOS BENEFICIÁRIOS DO IPSEMG CONTRATADOS POR TEMPO DETERMINADO PARA ATENDER À NECESSIDADE DE INTERESSE PÚBLICO, EM OBEDIÊNCIA AO DISPOSTO NA LEI Nº 23.750 DE 23/12/2020 E NOS INCISOS I, II, III, IV, V, VI DO ART. 2º DO DECRETO Nº 48.097 DE 23/12/2020.
601;BENEFÍCIO MENSAL AO DEFICIENTE E AO IDOSO;"DESPESAS DECORRENTES DO CUMPRIMENTO DO ART. 203, ITEM V, DA CONSTITUIÇÃO FEDERAL, QUE DISPÕE: 
“ART. 203 – A ASSISTÊNCIA SOCIAL SERÁ PRESTADA A QUEM DELA NECESSITAR, INDEPENDENTEMENTE DE CONTRIBUIÇÃO À SEGURIDADE SOCIAL, E TEM POR OBJETIVOS:
(...)
V – A GARANTIA DE UM SALÁRIO MÍNIMO DE BENEFÍCIO MENSAL À PESSOA PORTADORA DE DEFICIÊNCIA E AO IDOSO QUE COMPROVEM NÃO POSSUIR MEIOS DE PROVER A PRÓPRIA MANUTENÇÃO OU DE TÊ-LA PROVIDA POR SUA FAMÍLIA, CONFORME DISPUSER A LEI.”
"
701;CONTRIBUIÇÃO A ENTIDADES FECHADAS DE PREVIDÊNCIA;DESPESAS COM OS ENCARGOS DA ENTIDADE PATROCINADORA NO REGIME DE PREVIDÊNCIA FECHADA, PARA COMPLEMENTAÇÃO DE APOSENTADORIA.
702;CONTRIBUIÇÃO A ENTIDADES FECHADAS DE PREVIDÊNCIA - ENCARGOS POR PAGAMENTO EM ATRASO;DESPESAS COM OS ENCARGOS RESULTANTES DO PAGAMENTO EM ATRASO DAS CONTRIBUIÇÕES A ENTIDADES FECHADAS DE PREVIDÊNCIA.
802;AUXÍLIO-FUNERAL;BENEFÍCIO DEVIDO À FAMÍLIA DE SERVIDOR FALECIDO, A TÍTULO DE AUXÍLIO PARA CUSTEIO DO FUNERAL, CONFORME LEGISLAÇÃO ESPECÍFICA.
803;AUXÍLIO-CRECHE ASSISTÊNCIA PRÉ-ESCOLAR;BENEFÍCIO DEVIDO AO DEPENDENTE DO SERVIDOR OU MILITAR, CONFORME REGULAMENTO.
804;INDENIZAÇÃO SECURITÁRIA;INDENIZAÇÃO SECURITÁRIA DE ACORDO COM O ART. 6º DA LEI DELEGADA Nº 43, DE 07/06/2000.
805;AUXÍLIO NATALIDADE;AUXÍLIO CONCEDIDO AO SERVIDOR CONFORME LEGISLAÇÃO ESPECÍFICA.
807;AUXÍLIO INVALIDEZ;AUXÍLIO CONCEDIDO AO POLICIAL CIVIL OU MILITAR APOSENTADO EM RAZÃO DE INVALIDEZ PERMANENTE DECORRENTE DE ACIDENTE NO DESEMPENHO DE SUAS FUNÇÕES OU DE ATO POR ELE PRATICADO NO CUMPRIMENTO DO DEVER PROFISSIONAL, CONFORME DISPOSTO NA LEI COMPLEMENTAR Nº 129 DE 08/11/2013 E NA LEI COMPLEMENTAR Nº 109 DE 22/12/2009.
808;AUXÍLIO CUIDADOR;AUXÍLIO CONCEDIDO AO APOSENTADO POR INVALIDEZ QUE NECESSITAR DA ASSISTÊNCIA PERMANENTE DE OUTRA PESSOA (CUIDADOR), OBSERVANDO-SE AS DETERMINAÇÕES LEGAIS VIGENTES SOBRE O TEMA.
809;AUXILIIO-RECLUSÃO;BENEFÍCIO PREVIDENCIÁRIO DEVIDO AOS DEPENDENTES DAQUELES SERVIDORES QUE SE ENCONTRAM NA CONDIÇÃO DE DETENTO OU RECLUSO, NÃO ALBERGADO E RECOLHIDO EM PRISÃO. O PAGAMENTO PODERÁ SER SOLICITADO A PARTIR DA DATA EM QUE SE VERIFICAR A PERDA TOTAL DA REMUNERAÇÃO DO SEGURADO.
810;SALÁRIO-FAMÍLIA;BENEFÍCIO PECUNIÁRIO DEVIDO AOS DEPENDENTES ECONÔMICOS DO MILITAR OU DO SERVIDOR, EXCLUSIVE OS REGIDOS PELA CONSOLIDAÇÃO DAS LEIS DO TRABALHO – CLT, OS QUAIS SÃO PAGOS À CONTA DO PLANO DE BENEFÍCIOS DA PREVIDÊNCIA SOCIAL.
811;PECÚLIO E SEGURO COLETIVO;BENEFÍCIO DESTINADO A SOCORRER A FAMÍLIA DO SEGURADO QUE ESTEJA INSCRITO NA CARTEIRA DE PECÚLIO E COM AS CONTRIBUIÇÕES EM DIA NA ÉPOCA DO FALECIMENTO (PECÚLIO). SEGURO DE VIDA PAGO AOS BENEFICIÁRIOS INDICADOS LIVREMENTE PELO SEGURADO ATRAVÉS DE DECLARAÇÃO ESPECÍFICA PARA ESTE FIM, DESDE QUE ESTE ESTEJA INSCRITO NA CARTEIRA DE SEGURO COLETIVO E COM CONTRIBUIÇÕES EM DIA NA ÉPOCA DO FALECIMENTO, NOS TERMOS DO DECRETO Nº 45.514/2010 (SEGURO COLETIVO).
812;ASSISTÊNCIA À SAÚDE;BENEFÍCIO CONCEDIDO AOS SEGURADOS E SEUS DEPENDENTES REGULARMENTE INSCRITOS ONDE OS MESMOS TÊM DIREITO A CONSULTAS, EXAMES E DEMAIS PROCEDIMENTOS MÉDICOS E ODONTOLÓGICOS OFERECIDOS PELO INSTITUTO DE PREVIDÊNCIA DOS SERVIDORES DO ESTADO DE MINAS GERAIS (IPSEMG) E PELO INSTITUTO DE PREVIDÊNCIA DOS SERVIDORES MILITARES DO ESTADO DE MINAS GERAIS (IPSM). 
899;AUXÍLIOS DIVERSOS;DESPESAS COM AUXÍLIOS NÃO CLASSIFICÁVEIS NOS ITENS ANTERIORES, CONFORME LEGISLAÇÃO ESPECÍFICA.
1001;AUXÍLIO-FARDAMENTO PAGO A SERVIDOR OU MILITAR;DESPESAS COM ABONO PIS/PASEP E SEGURO-DESEMPREGO, EM CUMPRIMENTO AOS §§ 3º E 4º DO ART. 239 DA CONSTITUIÇÃO FEDERAL.
1101;VENCIMENTOS;"RETRIBUIÇÃO CORRESPONDENTE AO NÍVEL, SÍMBOLO OU PADRÃO FIXADO EM LEI, PELO EFETIVO EXERCÍCIO DE SEU CARGO (ART. 120, DA LEI Nº 869 DE 05/07/1952); SUBSÍDIOS FIXOS DEVIDOS AOS OCUPANTES DE CARGOS EFETIVOS E EM COMISSÃO."
1102;DESIGNADOS DO MAGISTÉRIO;RETRIBUIÇÃO DEVIDA AO DESIGNADO DO QUADRO DE MAGISTÉRIO E DO QUADRO COMPLEMENTAR DA SECRETARIA DA EDUCAÇÃO, PARA ATUAÇÃO COMO DOCENTE OU ADMINISTRATIVO NAS ATIVIDADES DE ENSINO DE PRIMEIRO E SEGUNDO GRAUS, DE ACORDO COM A REGULAMENTAÇÃO – LEI Nº 10.254, DE 20/07/1990.
1103;ADICIONAL POR TEMPO DE SERVIÇO;"ABRANGE DOIS ADICIONAIS: (I) ADICIONAL DE 10% (DEZ POR CENTO) DEVIDO AO SERVIDOR POR QUINQUÊNIO VENCIDO, CALCULADO SOBRE O VENCIMENTO E GRATIFICAÇÃO; (II) ADICIONAL DE 10% (DEZ POR CENTO) DEVIDO AO SERVIDOR POR 30 (TRINTA) ANOS DE SERVIÇO, OU ANTES DISSO, SE IMPLEMENTADO O INTERSTÍCIO NECESSÁRIO PARA A APOSENTADORIA, CALCULADO SOBRE A REMUNERAÇÃO."
1104;GRATIFICAÇÃO DE ENSINO ESPECIAL;GRATIFICAÇÃO DEVIDA AO PESSOAL DO MAGISTÉRIO PELO EXERCÍCIO DE TRABALHOS DE NATUREZA ESPECIAL, PREVISTO NO ART. 169, DA LEI Nº 7.109, DE 13/10/1977.
1106;GRATIFICAÇÃO DE COORDENADOR DE ESCOLA;GRATIFICAÇÃO DEVIDA AO PESSOAL DO MAGISTÉRIO, NOS TERMOS DO PARÁGRAFO ÚNICO, DO ART. 5º, DA LEI Nº 9.381, DE 18/12/1986, E ART. 2º DO DECRETO Nº 33.336, DE 23/01/1992. 
1107;GRATIFICAÇÃO DE INCENTIVO À DOCÊNCIA;GRATIFICAÇÃO DEVIDA AO PROFESSOR OU REGENTE DE ENSINO, ESTATUTÁRIO OU DESIGNADO – LEIS Nº 9.414, DE 03/07/1987, 9.831, DE 04/07/1989, 8.517, DE 09/01/1984, ART. 1º DO DECRETO Nº 23.559, DE 08/05/1984 E ART. 284 DA CONSTITUIÇÃO ESTADUAL.
1108;VERBA DE REPRESENTAÇÃO;DEVIDA AOS OCUPANTES DE CARGOS MENCIONADOS NAS LEIS N.ºS 9.266, DE 18/09/1986, 9.533/87, 9.724/88, 9.757, DE 10/02/1989, 9.943, DE 20/09/1989 E LEI COMPLEMENTAR Nº. 22/91.
1109;GRATIFICAÇÃO DE RISCO DE CONTÁGIO E RAIO X;GRATIFICAÇÃO DEVIDA AO SERVIDOR PELO EXERCÍCIO DE ATRIBUIÇÕES COM OCORRÊNCIA COMPROVADA DE RISCO DE VIDA OU SAÚDE, DE ACORDO COM A LEGISLAÇÃO ESPECÍFICA.
1112;GRATIFICAÇÃO DE ESTÍMULO À PRODUÇÃO INDIVIDUAL – GEPI;GRATIFICAÇÃO DEVIDA A SERVIDOR DO QUADRO DE TRIBUTAÇÃO, FISCALIZAÇÃO E ARRECADAÇÃO, DE ACORDO COM A LEGISLAÇÃO EM VIGOR.
1113;GRATIFICAÇÃO DE EXERCÍCIO DO PODER JUDICIÁRIO;GRATIFICAÇÃO DEVIDA AOS OCUPANTES DOS CARGOS DE PRESIDENTE DOS TRIBUNAIS DE JUSTIÇA, DE ACORDO COM A LEGISLAÇÃO EM VIGOR.
1114;GRATIFICAÇÃO DE REPRESENTAÇÃO DO MINISTÉRIO PÚBLICO;GRATIFICAÇÃO DEVIDA AOS MEMBROS DO MINISTÉRIO PÚBLICO, DE ACORDO COM A LEGISLAÇÃO EM VIGOR.
1115;GRATIFICAÇÃO DE REPRESENTAÇÃO DO PODER JUDICIÁRIO;GRATIFICAÇÃO DEVIDA AOS MAGISTRADOS, DE ACORDO COM A LEGISLAÇÃO EM VIGOR.
1116;GRATIFICAÇÃO DE FUNÇÃO AUXILIAR DE ATIVIDADE PARLAMENTAR;GRATIFICAÇÃO DEVIDA AO PESSOAL EM EXERCÍCIO DE FUNÇÃO AUXILIAR DE ATIVIDADE PARLAMENTAR DA ASSEMBLEIA LEGISLATIVA DO ESTADO, DE ACORDO COM A LEGISLAÇÃO EM VIGOR.
1117;GRATIFICAÇÃO DE CARGO EM COMISSÃO;GRATIFICAÇÃO DEVIDA AO OCUPANTE DE CARGO DE PROVIMENTO EM COMISSÃO, QUE OPTOU PELO VENCIMENTO DE CARGO EFETIVO.
1118;GRATIFICAÇÃO POR PLANTÃO;GRATIFICAÇÃO DEVIDA A SERVIDOR POR PRESTAÇÃO DE SERVIÇO ININTERRUPTO, FORA DO EXPEDIENTE NORMAL, DE ACORDO COM A LEGISLAÇÃO EM VIGOR.
1119;VANTAGEM PESSOAL;DIFERENÇA ENTRE NÍVEIS DE VENCIMENTOS, RESULTANTE DA REESTRUTURAÇÃO DE CARGOS, READAPTAÇÃO OU PROVIMENTO.
1120;SUBSÍDIOS VARIÁVEIS;VANTAGEM DEVIDA AOS DEPUTADOS ESTADUAIS POR COMPARECIMENTO EFETIVO E PARTICIPAÇÃO NAS VOTAÇÕES DAS SESSÕES LEGISLATIVAS, BEM COMO AJUDA DE CUSTO MENSAL. 
1121;ABONO DE FÉRIAS;VANTAGEM DEVIDA AO SERVIDOR POR OCASIÃO DE SUAS FÉRIAS REGULAMENTARES, CORRESPONDENTE A 1/3 (UM TERÇO) DE SUA REMUNERAÇÃO.
1122;GRATIFICAÇÃO DE NATAL;GRATIFICAÇÃO DEVIDA ANUALMENTE AO SERVIDOR, CORRESPONDENTE À SUA REMUNERAÇÃO, DE ACORDO COM A LEGISLAÇÃO EM VIGOR.
1123;GRATIFICAÇÃO DE RISCO DE VIDA, SAÚDE E CONTÁGIO;GRATIFICAÇÃO DEVIDA AO SERVIDOR QUE EXERÇA ATIVIDADE COMPROVADAMENTE PENOSA, INSALUBRE OU PERIGOSA. 
1124;GRATIFICAÇÃO DE CHEFIA (ESPECIAL);GRATIFICAÇÃO DEVIDA PELO EXERCÍCIO DE CARGOS EM COMISSÃO DOS PODERES DO ESTADO.
1125;GRATIFICAÇÃO DE COMISSIONAMENTO;GRATIFICAÇÃO DEVIDA AO SERVIDOR DO QUADRO DE TRIBUTAÇÃO, FISCALIZAÇÃO E ARRECADAÇÃO, DE ACORDO COM A LEGISLAÇÃO EM VIGOR.
1126;GRATIFICAÇÃO DE NÍVEL SUPERIOR;GRATIFICAÇÃO DEVIDA AO INTEGRANTE DO GRUPO DE NÍVEL SUPERIOR DE ESCOLARIDADE DA ASSEMBLEIA LEGISLATIVA, DE ACORDO COM A LEGISLAÇÃO EM VIGOR.
1127;GRATIFICAÇÃO DE INCENTIVO AO MÉRITO FUNCIONAL;GRATIFICAÇÃO DEVIDA AO FUNCIONÁRIO EFETIVO DA ASSEMBLEIA LEGISLATIVA NÃO INTEGRANTE DO GRUPO ESPECIAL DE INCENTIVO AO MÉRITO FUNCIONAL, DE ACORDO COM A LEGISLAÇÃO EM VIGOR.
1128;GRATIFICAÇÃO DE FUNÇÃO DE AGENTES DE SEGURANÇA;GRATIFICAÇÃO DEVIDA AOS AGENTES DE SEGURANÇA DA ASSEMBLEIA LEGISLATIVA PELO EXERCÍCIO DA FUNÇÃO ESTRITAMENTE POLICIAL, DE ACORDO COM A LEGISLAÇÃO EM VIGOR.
1129;GRATIFICAÇÃO DE ASSESSORAMENTO;GRATIFICAÇÃO DEVIDA AOS TITULARES DE DIVISÃO E AOS OCUPANTES DE CARGOS DE ASSESSORAMENTO DA ASSEMBLEIA LEGISLATIVA, DE ACORDO COM A LEGISLAÇÃO EM VIGOR.
1130;GRATIFICAÇÃO ESPECIAL-GABINETE MILITAR;GRATIFICAÇÃO DEVIDA AO OCUPANTE DE CARGO DE COMANDANTE DE AVIÃO, PILOTO DE HELICÓPTERO E PRIMEIRO OFICIAL DE AERONAVE – ART. 8º DA LEI Nº 9.266/86.
1132;GRATIFICAÇÃO PRÓ-LABORE;GRATIFICAÇÃO DEVIDA AO SERVIDOR DA ADMINISTRAÇÃO DIRETA E INDIRETA PELO EFETIVO EXERCÍCIO DE CARGO DE DIREÇÃO. 
1133;GRATIFICAÇÃO DE INCENTIVO À EFICIENTIZAÇÃO DOS SERVIÇOS ? GIEFS;GRATIFICAÇÃO DEVIDA AOS SERVIDORES DA FHEMIG E HEMOMINAS, INSTITUÍDA PELA LEI Nº 11.406, DE 28/01/1994 E ALTERADA PELAS LEIS 11.550, DE 29/07/1994 E 12.764/98, DE 15/01/1198.
1134;HONORÁRIOS;VANTAGEM DEVIDA AO SERVIDOR QUE EXERÇA, FORA DO PERÍODO NORMAL DE TRABALHO, A FUNÇÃO DE AUXILIAR OU MEMBRO DE BANCAS, EXAMINADOR DE CONCURSOS DE PROVAS, E AO PROFESSOR DE CURSOS LEGALMENTE INSTITUÍDOS, DE ACORDO COM LEGISLAÇÃO ESPECÍFICA.
1135;GRATIFICAÇÃO DE DEDICAÇÃO EXCLUSIVA;GRATIFICAÇÃO DEVIDA AO PESSOAL DO MAGISTÉRIO NOS TERMOS DAS LEIS 10.797, DE 07/07/1992 E 11.114, DE 16/06/1993.
1136;GRATIFICAÇÃO DE ATIVIDADE INSTITUCIONAL AUTÔNOMA;GRATIFICAÇÃO DEVIDA AOS SERVIDORES DO QUADRO DA PROCURADORIA GERAL DO ESTADO, NOS TERMOS DO ART. 2º DA LEI DELEGADA Nº 46, DE 28/07/2000.
1137;PARCELA REMUNERATÓRIA COMPLEMENTAR-PRC;VANTAGEM DEVIDA AOS SERVIDORES NOS TERMOS DA LEI DELEGADA Nº. 041/2000.
1138;ADICIONAL DE ATIVIDADE ESPECÍFICA;VANTAGEM DEVIDA AOS SERVIDORES DO QUADRO DA PROCURADORIA GERAL DO ESTADO, NOS TERMOS DO ART. 33 DA LEI Nº 11.711, DE 23/12/1994.
1139;ADICIONAL DE LOCAL DE TRABALHO;VANTAGEM DEVIDA AOS SERVIDORES NOS TERMOS DAS LEIS 11.717, DE 27/12/1994 E 11.821, DE 15/05/1995.
1140;GRATIFICAÇÃO DE FUNÇÃO;GRATIFICAÇÃO DEVIDA AOS SERVIDORES DO MAGISTÉRIO, ESPECIALISTAS DA EDUCAÇÃO E NA VICE-DIREÇÃO DE ESCOLA, NOS TERMOS DO ART.7º, DA LEI Nº. 11.113, DE 14/06/1993 E ART. 4º DA LEI N.º1.431/94.
1141;GRATIFICAÇÃO POR CURSO;GRATIFICAÇÃO DEVIDA AOS SERVIDORES DO QUADRO DO MAGISTÉRIO NOS TERMOS DO ART.67 DA LEI Nº 11.050, DE 19/01/1993.
1143;GRATIFICAÇÃO DE ÓRGÃO DE DELIBERAÇÃO COLETIVA;GRATIFICAÇÃO DEVIDA AO SERVIDOR MEMBRO DE ÓRGÃO DE DELIBERAÇÃO COLETIVA, POR COMPARECIMENTO ÀS REUNIÕES.
1144;ABONO DE PERMANÊNCIA;DESPESAS COM ABONO DE PERMANÊNCIA DEVIDO AO SERVIDOR QUE TENHA COMPLETADO AS EXIGÊNCIAS PARA A APOSENTADORIA VOLUNTÁRIA ESTABELECIDA NO §1º, III, A, DO ART. 40 DA CONSTITUIÇÃO DA REPÚBLICA (COM REDAÇÃO DADA PELA EMENDA Nº 41, DE 19 DE DEZEMBRO DE 2003) E QUE OPTAR POR PERMANECER EM ATIVIDADE.
1145;VANTAGEM TEMPORÁRIA INCORPORÁVEL;VANTAGEM DE NATUREZA PESSOAL E TEMPORÁRIA, DEVIDA AOS SERVIDORES DA ADMINISTRAÇÃO DIRETA, AUTÁRQUICA E FUNDACIONAL DO PODER EXECUTIVO, NOS TERMOS DA LEI Nº 15.787, DE 27/10/2005.
1146;GRATIFICAÇÃO DE DESEMPENHO E PRODUTIVIDADE INDIVIDUAL E INSTITUCIONAL;GRATIFICAÇÃO DEVIDA AOS ESPECIALISTAS EM POLÍTICAS PÚBLICAS E GESTÃO GOVERNAMENTAL, NOS TERMOS DO ART. 16 DA LEI Nº 13.085, DE 31/12/1998.
1147;GRATIFICAÇÃO DE ESCOLARIDADE, DESEMPENHO E PRODUTIVIDADE INDIVIDUAL E INSTITUCIONAL - GEDAMA;GRATIFICAÇÃO DEVIDA ÀS CARREIRAS DO GRUPO DE ATIVIDADES DE MEIO AMBIENTE E DESENVOLVIMENTO SUSTENTÁVEL NOS TERMOS DA LEI Nº 17.351, DE 17/01/2008.
1148;ADICIONAL DE DESEMPENHO ? PESSOAL CIVIL;ADICIONAL REMUNERATÓRIO DEVIDO MENSALMENTE AO SERVIDOR CIVIL, DE ACORDO COM A LEI Nº 18.008, DE 07/01/2009, LEI Nº 17.590, DE 20/06/2008 E LEI Nº 16.676, DE 10/01/2007.
1149;GRATIFICAÇÃO COMPLEMENTAR DE PRODUTIVIDADE - GCP;ADICIONAL REMUNERATÓRIO DEVIDO MENSALMENTE AO SERVIDOR OCUPANTE DO CARGO DE PROCURADOR DA ASSEMBLEIA LEGISLATIVA, NOS TERMOS DA DELIBERAÇÃO Nº 2.478 DE 12/04/2010.
1150;SUBSÍDIO AOS SERVIDORES DA EDUCAÇÃO;REMUNERAÇÃO MENSAL POR MEIO DE SUBSÍDIO DEVIDA AOS SERVIDORES EFETIVOS DO GRUPO DE ATIVIDADES DE EDUCAÇÃO BÁSICA DO PODER EXECUTIVO ESTADUAL, CONFORME LEGISLAÇÃO ESPECÍFICA.
1151;SUBSÍDIO AOS SERVIDORES DA EDUCAÇÃO DESIGNADOS;REMUNERAÇÃO MENSAL POR MEIO DE SUBSÍDIO DEVIDA AOS SERVIDORES DESIGNADOS DO GRUPO DE ATIVIDADES DE EDUCAÇÃO BÁSICA DO PODER EXECUTIVO ESTADUAL, CONFORME LEGISLAÇÃO ESPECÍFICA.
1152;SUBSÍDIO AOS SERVIDORES DA EDUCAÇÃO DE EXTENSÃO CARGA HORÁRIA;REMUNERAÇÃO MENSAL POR MEIO DE SUBSÍDIO DEVIDA AOS SERVIDORES DE EXTENSÃO CARGA HORÁRIA (AULAS FACULTATIVAS) DO GRUPO DE ATIVIDADES DE EDUCAÇÃO BÁSICA DO PODER EXECUTIVO ESTADUAL, CONFORME LEGISLAÇÃO ESPECÍFICA.
1154;GRATIFICAÇÃO DE SERVIÇOS DE SEGURIDADE SOCIAL ? GSSS;GRATIFICAÇÕES DEVIDAS A OCUPANTES DE CARGOS DAS CARREIRAS DE ANALISTA DE SEGURIDADE SOCIAL, TÉCNICO DE SEGURIDADE SOCIAL E AUXILIAR DE SEGURIDADE SOCIAL LOTADOS NO QUADRO DE PESSOAL DO INSTITUTO DE PREVIDÊNCIA DOS SERVIDORES DO ESTADO DE MINAS GERAIS – IPSEMG –, NOS TERMOS DA LEI Nº 20.586, DE 27/12/2012, SALVO ÀQUELES QUE EXERCEM A FUNÇÃO DE CIRURGIÃO-DENTISTA.
1155;GRATIFICAÇÃO DE FUNÇÃO DE PESQUISA E ENSINO ? GFPE/LEI 20.591/2012;GRATIFICAÇÃO DEVIDA AOS OCUPANTES DE CARGO DE PROVIMENTO EFETIVO E AOS DETENTORES DE FUNÇÃO PÚBLICA DAS CARREIRAS DE TÉCNICO EM ATIVIDADES DE CIÊNCIA E TECNOLOGIA E DE GESTOR EM CIÊNCIA E TECNOLOGIA, A QUE SE REFEREM, RESPECTIVAMENTE, OS INCISOS II E III DO ART. 1º DA LEI Nº 15.466, DE 13/01/2005, LOTADOS E EM EFETIVO EXERCÍCIO NA FUNDAÇÃO JOÃO PINHEIRO – FJP.
1156;GRATIFICAÇÃO DE INCENTIVO À PESQUISA E À DOCÊNCIA ? GIPED / LEI 20.591/2012;GRATIFICAÇÃO DEVIDA AOS OCUPANTES DE CARGO DE PROVIMENTO EFETIVO E AOS DETENTORES DE FUNÇÃO PÚBLICA DA CARREIRA DE PESQUISADOR EM CIÊNCIA E TECNOLOGIA, A QUE SE REFERE, RESPECTIVAMENTE, O INCISO IV DO ART. 1º DA LEI Nº 15.466, DE 13/01/2005, LOTADOS E EM EFETIVO EXERCÍCIO NA FUNDAÇÃO JOÃO PINHEIRO – FJP.
1157;GRATIFICAÇÃO DE INCENTIVO À PRODUTIVIDADE DOS PROFISSIONAIS DE ENGENHARIA E ARQUITETURA ? GIPPEA/LEI Nº 20.748/2013;GRATIFICAÇÃO DEVIDA AO SERVIDOR EM EFETIVO EXERCÍCIO NAS FUNÇÕES PARA AS QUAIS SEJA EXIGIDA A FORMAÇÃO EM ENGENHARIA OU ARQUITETURA NO ÂMBITO DO DEPARTAMENTO DE EDIFICAÇÕES E ESTRADAS DE RODAGEM DO ESTADO DE MINAS GERAIS – DEER-MG – ART. 13 DA LEI Nº 22.288 DE 14/06/2016.
1158;ABONO SALARIAL DO PODER JUDICIÁRIO;ABONO SALARIAL DE NATUREZA PESSOAL E TEMPORÁRIA, DEVIDO AOS SERVIDORES DO JUDICIÁRIO, NOS TERMOS DO ART. 2º DA LEI Nº 20.715, DE 13/06/2013.
1159;FUNÇÕES DE CONFIANÇA;FUNÇÕES DE CONFIANÇA DE ASSESSORAMENTO DE JUIZ DE DIREITO DESTINADOS AOS MAGISTRADOS DE 1ª ENTRÂNCIA E AOS DO SISTEMA DOS JUIZADOS ESPECIAIS.
1160;GRATIFICAÇÃO PELO CUMPRIMENTO DE METAS EXTRAORDINÁRIAS;GRATIFICAÇÃO DEVIDA A SERVIDOR DO TCE, NOS TERMOS DO ART. 19 DA LEI Nº 20.227, DE 11/06/2012.
1161;GRATIFICAÇÃO DE SERVIÇOS DE ASSESSORAMENTO JURÍDICO;GRATIFICAÇÃO A SER PAGA AO PROCURADOR DO ESTADO, LOTADO NO GABINETE DA PRESIDÊNCIA DO TRIBUNAL DE JUSTIÇA, QUE, NO EXERCÍCIO DE SUAS FUNÇÕES, SEJA COLOCADO À DISPOSIÇÃO DO PODER JUDICIÁRIO DO ESTADO DE MINAS GERAIS. 
1162;AUXÍLIO-DOENÇA / LICENÇA PARA TRATAMENTO DE SAÚDE;BENEFÍCIO DEVIDO A SERVIDOR LICENCIADO POR MOTIVO DE DOENÇA, CONFORME LEGISLAÇÃO ESPECÍFICA. 
1163;SALÁRIO MATERNIDADE / LICENÇA MATERNIDADE;BENEFÍCIO DEVIDO A SERVIDORA EM VIRTUDE DO NASCIMENTO DE FILHO, ADOÇÃO OU GUARDA JUDICIAL PARA ADOÇÃO. 
1164;GRATIFICAÇÃO DE SERVIÇOS DE SEGURANÇA;GRATIFICAÇÃO DEVIDA AOS MILITARES E AOS POLICIAIS CIVIS DO ESTADO QUE, NO EXERCÍCIO DE SUAS FUNÇÕES, SEJAM COLOCADOS À DISPOSIÇÃO DO TRIBUNAL DE JUSTIÇA DO ESTADO E TRIBUNAL DE CONTAS DO ESTADO, DE ACORDO COM AS LEGISLAÇÕES EM VIGOR, QUAIS SEJAM, LEI N° 20.025 DE 09/01/12 E LEI Nº 24.202 DE 30/06/2022.
1165;ABONO – RATEIO DOS RECURSOS DO FUNDEB ;ABONO CONCEDIDO AOS PROFISSIONAIS DA EDUCAÇÃO BÁSICA DECORRENTE DE RECURSOS REMANESCENTE DO FUNDO DE MANUTENÇÃO E DESENVOLVIMENTO DA EDUCAÇÃO BÁSICA E DA VALORIZAÇÃO DOS PROFISSIONAIS DA EDUCAÇÃO - FUNDEB, CONFORME DISPOSTO NO ART. 26 LEI FEDERAL Nº 14.113, DE 25 DE DEZEMBRO DE 2020 E EM OBSERVÂNCIA AOS CRITÉRIOS ESTABELECIDOS PELO DECRETO ESTADUAL Nº 48.325/2021. 
1199;OUTROS;DESPESAS COM PESSOAL CIVIL NÃO CLASSIFICADA NOS ITENS ANTERIORES.
1201;REMUNERAÇÃO BÁSICA;REMUNERAÇÃO DO MILITAR, PELO SERVIÇO ATIVO, CORRESPONDENTE AO POSTO OU À GRADUAÇÃO OCUPADOS NA HIERARQUIA MILITAR.
1202;ADICIONAL POR TEMPO DE SERVIÇO;ADICIONAL ACRESCIDO À REMUNERAÇÃO BÁSICA DO MILITAR, POR QUINQUÊNIO VENCIDO, DE ACORDO COM A LEGISLAÇÃO EM VIGOR.
1203;GRATIFICAÇÕES ESPECIAIS;"ABRANGE DOIS ADICIONAIS: (I) GRATIFICAÇÃO DE 10% (DEZ POR CENTO) DEVIDA AO MILITAR QUE COMPLETAR 30 (TRINTA) ANOS DE EFETIVO EXERCÍCIO; (II) GRATIFICAÇÃO DE 10% (DEZ POR CENTO) DEVIDA NOS TERMOS DO PARÁGRAFO ÚNICO DO ART. 204 DA LEI ESTADUAL Nº 5.301, DE 16/10/1969;
BENEFÍCIO RESTRITO AOS CASOS ESTABELECIDOS NA LEI Nº 8.070, DE 03/10/1981, DEVIDO NA FORMA DA LEI DELEGADA Nº 24, DE 28/08/1985."
1204;FÉRIAS-PRÊMIO;VANTAGEM DEVIDA AO MILITAR DA ATIVA, DE ACORDO COM ART. 39, §11, COMBINADO COM O ART. 31, INCISO II, DA CONSTITUIÇÃO ESTADUAL (ALTERADO PELA EMENDA CONSTITUCIONAL Nº 18, DE 21/12/95).
1205;ABONO DE FÉRIAS;VANTAGEM DEVIDA AO MILITAR DA ATIVA, DE ACORDO COM O ART. 39, §11, COMBINADO COM O ART. 31 DA CONSTITUIÇÃO DO ESTADO E ART. 42, DA LEI DELEGADA Nº 37, DE 16/01/89.
1206;SUBSTITUIÇÃO TEMPORÁRIA;DIFERENÇA DE VENCIMENTOS E VANTAGENS DEVIDA AO MILITAR QUANDO EM EXERCÍCIO DE FUNÇÃO PRIVATIVA DE POSTO OU GRADUAÇÃO SUPERIOR, NOS TERMOS DA LEI DELEGADA Nº 37, DE 16/01/89.
1207;GRATIFICAÇÃO DE NATAL;GRATIFICAÇÃO DEVIDA ANUALMENTE AO MILITAR, CORRESPONDENTE À SUA REMUNERAÇÃO, DE ACORDO COM A LEGISLAÇÃO EM VIGOR.
1208;ADICIONAL DE DESEMPENHO;ADICIONAL REMUNERATÓRIO DEVIDO MENSALMENTE AO MILITAR, DE ACORDO COM O ART. 2º DO DECRETO Nº 44.889 DE 08/09/2008.
1209;ABONO PERMANÊNCIA;DESPESAS COM ABONO DE PERMANÊNCIA DEVIDO AO MILITAR QUE TENHA COMPLETADO AS EXIGÊNCIAS PARA TRANSFERÊNCIA VOLUNTÁRIA PARA A RESERVA E QUE OPTAR POR PERMANECER EM ATIVIDADE, CONFORME DETERMINA A LEI COMPLEMENTAR N° 125, DE 14/12/2012.
1210;GRATIFICAÇÃO MENSAL PRÓ-LABORE;DESPESA COM O MILITAR DA RESERVA REMUNERADA DESIGNADO PARA O SERVIÇO ATIVO, EM CARÁTER TRANSITÓRIO, CONFORME DISPOSTO NA LEI N° 5.301 DE 16/10/1969 E SUAS ATUALIZAÇÕES.
1299;OUTRAS;DESPESAS COM PESSOAL MILITAR NÃO CLASSIFICADA NOS ITENS ANTERIORES.
1304;INSS;DESPESAS COM OBRIGAÇÃO PATRONAL DE PESSOAL LOTADO EM CARGOS DE RECRUTAMENTO AMPLO E DESIGNADOS DO MAGISTÉRIO, QUE A ADMINISTRAÇÃO PÚBLICA TEM COM O INSS PELA SUA CONDIÇÃO DE EMPREGADORA. AS DESPESAS COM OBRIGAÇÃO PATRONAL REFERENTE AOS CONTRATOS DE TERCEIRIZAÇÃO DEVERÃO SER EMPENHADAS SEMPRE NO GRUPO DE DESPESA 3 – OUTRAS DESPESAS CORRENTES E NO ITEM DE DESPESA 3403 – INSS - CONTRATOS DE TERCEIRIZAÇÃO. 
1305;OBRIGAÇÃO PATRONAL - PESSOAL ATIVO - PREVIDÊNCIA;DESPESAS PREVIDENCIÁRIAS COM OBRIGAÇÃO PATRONAL DE PESSOAL ATIVO CIVIL E MILITAR, QUE A ADMINISTRAÇÃO PÚBLICA TEM PELA SUA CONDIÇÃO DE EMPREGADORA.
1306;OBRIGAÇÃO PATRONAL - PESSOAL INATIVO - PREVIDÊNCIA;DESPESAS PREVIDENCIÁRIAS COM OBRIGAÇÃO PATRONAL DE PESSOAL INATIVO CIVIL E MILITAR.
1308;OBRIGAÇÃO PATRONAL - PENSIONISTAS - PREVIDÊNCIA;DESPESAS PREVIDENCIÁRIAS COM OBRIGAÇÃO PATRONAL DE PENSIONISTA CIVIL E MILITAR.
1309;OBRIGAÇÃO PATRONAL - PRECATÓRIOS - PREVIDÊNCIA;DESPESAS PREVIDENCIÁRIAS COM OBRIGAÇÃO PATRONAL INCIDENTE SOBRE PRECATÓRIOS.
1310;OBRIGAÇÃO PATRONAL - OUTRAS SENTENÇAS JUDICIAIS - PREVIDÊNCIA;DESPESAS PREVIDENCIÁRIAS COM OBRIGAÇÃO PATRONAL INCIDENTE SOBRE OUTRAS SENTENÇAS JUDICIAIS.
1314;OBRIGAÇÃO PATRONAL - ENCARGOS POR PAGAMENTO EM ATRASO;DESPESAS COM ENCARGOS RESULTANTES DO PAGAMENTO EM ATRASO DAS OBRIGAÇÕES PATRONAIS.
1315;OBRIGAÇÃO PATRONAL - PRÊMIO DE PRODUTIVIDADE;DESPESAS COM OBRIGAÇÃO PATRONAL INCIDENTE SOBRE O PRÊMIO DE PRODUTIVIDADE.
1317;INSS – DEMAIS DESPESAS;DESPESA COM OBRIGAÇÃO PATRONAL QUE A ADMINISTRAÇÃO PÚBLICA TEM COM O INSS REFERENTE AOS MÉDICOS RESIDENTES, ADVOGADOS DATIVOS E OUTRAS DESPESAS NÃO ELENCADAS NO ITEM 04.
1318;OBRIGAÇÃO PATRONAL PESSOAL INATIVO – ENTIDADES CONVENIADAS – ASSISTÊNCIA À SAÚDE;DESPESAS COM OBRIGAÇÃO PATRONAL DE PESSOAL INATIVO DE ENTIDADES CONVENIADAS REFERENTES AO AUXÍLIO ASSISTÊNCIA MÉDICA, HOSPITALAR E ODONTOLÓGICA DESTINADA AOS BENEFICIÁRIOS DO IPSEMG, CONFORME PREVISTO NO ART. 85 DA LEI COMPLEMENTAR Nº 64, DE 25/03/2002.
1319;OBRIGAÇÃO PATRONAL PESSOAL MILITAR INATIVO LC 125/2012 – PREVIDÊNCIA;DESPESAS COM OBRIGAÇÃO PATRONAL FIXADAS EM 1/5 DO ESTIPÊNDIO DE CONTRIBUIÇÃO DE PESSOAL MILITAR INATIVO
1320;OBRIGAÇÃO PATRONAL PESSOAL MILITAR ATIVO LC 125/2012 - PREVIDÊNCIA;DESPESAS COM OBRIGAÇÃO PATRONAL FIXADAS EM 1/5 DO ESTIPÊNDIO DE CONTRIBUIÇÃO DE PESSOAL MILITAR ATIVO
1321;OBRIGAÇÃO PATRONAL - PESSOAL ATIVO - ASSISTÊNCIA À SAÚDE;DESPESAS COM OBRIGAÇÃO PATRONAL DE PESSOAL ATIVO CIVIL E MILITAR E AQUELES REFERENTES AO AUXÍLIO ASSISTÊNCIA MÉDICA, HOSPITALAR E ODONTOLÓGICA DESTINADA AOS BENEFICIÁRIOS DOS RESPECTIVOS INSTITUTOS DE PREVIDÊNCIA. AS DESPESAS COM OBRIGAÇÃO PATRONAL REFERENTE AOS CONTRATOS DE TERCEIRIZAÇÃO DEVERÃO SER EMPENHADAS SEMPRE NO GRUPO DE DESPESA 3 – OUTRAS DESPESAS CORRENTES E NO ITEM DE DESPESA 3403 – INSS - CONTRATOS DE TERCEIRIZAÇÃO. 
1322;OBRIGAÇÃO PATRONAL - PESSOAL INATIVO - ASSISTÊNCIA À SAÚDE;DESPESAS COM OBRIGAÇÃO PATRONAL DE PESSOAL INATIVO CIVIL E MILITAR, REFERENTES AO AUXÍLIO ASSISTÊNCIA MÉDICA, HOSPITALAR E ODONTOLÓGICA DESTINADA AOS BENEFICIÁRIOS DOS RESPECTIVOS INSTITUTOS DE PREVIDÊNCIA. 
1324;OBRIGAÇÃO PATRONAL - PENSIONISTAS - ASSISTÊNCIA À SAÚDE;DESPESAS COM OBRIGAÇÃO PATRONAL DE PENSIONISTA CIVIL E MILITAR, REFERENTES AO AUXÍLIO ASSISTÊNCIA MÉDICA, HOSPITALAR E ODONTOLÓGICA DESTINADA AOS BENEFICIÁRIOS DOS RESPECTIVOS INSTITUTOS DE PREVIDÊNCIA.
1325;OBRIGAÇÃO PATRONAL - ADESÃO AO PARCELAMENTO DECORRENTE DE LEI ESPECÍFICA - PREVIDÊNCIA;DESPESAS DECORRENTES DA ADESÃO AO PARCELAMENTO DAS CONTRIBUIÇÕES PREVIDENCIÁRIAS COM A FAZENDA NACIONAL (INSS), EM VIRTUDE DE LEI ESPECÍFICA.
1326;OBRIGAÇÃO PATRONAL SUPLEMENTAR – PESSOAL ATIVO;DESPESAS COM CONTRIBUIÇÕES PATRONAIS SUPLEMENTARES DE PESSOAL ATIVO CIVIL NECESSÁRIAS À COBERTURA DE EVENTUAIS DÉFICITS FINANCEIROS DO RPPS.
1327;ABONO – RATEIO DOS RECURSOS DO FUNDEB – INSS ;DESPESAS COM OBRIGAÇÃO PATRONAL DE PESSOAL LOTADO EM CARGOS DE RECRUTAMENTO AMPLO E DESIGNADOS DO MAGISTÉRIO, QUE A ADMINISTRAÇÃO PÚBLICA TEM COM O INSS PELA SUA CONDIÇÃO DE EMPREGADORA, DECORRENTE DO ABONO CONCEDIDO AOS PROFISSIONAIS DA EDUCAÇÃO BÁSICA - RECURSOS REMANESCENTE DO FUNDO DE MANUTENÇÃO E DESENVOLVIMENTO DA EDUCAÇÃO BÁSICA E DA VALORIZAÇÃO DOS PROFISSIONAIS DA EDUCAÇÃO - FUNDEB, CONFORME DISPOSTO NO ART. 26 LEI FEDERAL Nº 14.113, DE 25 DE DEZEMBRO DE 2020 E EM OBSERVÂNCIA AOS CRITÉRIOS ESTABELECIDOS PELO DECRETO ESTADUAL Nº 48.325/2021. 
1328;OBRIGAÇÃO PATRONAL - FGTS;DESPESAS COM OBRIGAÇÃO PATRONAL RELATIVAS AO RECOLHIMENTO DE FUNDO DE GARANTIA POR TEMPO DE SERVIÇO – FGTS EM QUE A ADMINISTRAÇÃO PÚBLICA FIGURE COMO EMPREGADOR.
1329;OBRIGAÇÃO PATRONAL – GRATIFICAÇÃO DE NATAL - PREVIDÊNCIA;DESPESAS PREVIDENCIÁRIAS COM OBRIGAÇÃO PATRONAL QUE INCIDEM SOBRE A GRATIFICAÇÃO DE NATAL DO PESSOAL ATIVO, INATIVO E PENSIONISTA, CIVIL E MILITAR, QUE A ADMINISTRAÇÃO PÚBLICA TEM PELA SUA CONDIÇÃO DE EMPREGADORA.
1330;OBRIGAÇÃO PATRONAL – GRATIFICAÇÃO DE NATAL – ASSISTÊNCIA À SAÚDE;DESPESAS COM OBRIGAÇÃO PATRONAL QUE INCIDEM SOBRE A GRATIFICAÇÃO DE NATAL DE PESSOAL ATIVO, INATIVO E PENSIONISTA, CIVIL E MILITAR, E AQUELES REFERENTES AO AUXÍLIO ASSISTÊNCIA MÉDICA, HOSPITALAR E ODONTOLÓGICA DESTINADA AOS BENEFICIÁRIOS DOS RESPECTIVOS INSTITUTOS DE PREVIDÊNCIA.
1331;OBRIGAÇÃO PATRONAL SUPLEMENTAR – GRATIFICAÇÃO DE NATAL;DESPESAS COM CONTRIBUIÇÕES PATRONAIS SUPLEMENTARES QUE INCIDEM SOBRE A GRATIFICAÇÃO DE NATAL DE PESSOAL ATIVO CIVIL NECESSÁRIAS À COBERTURA DE EVENTUAIS DÉFICITS FINANCEIROS DO RPPS.
1428;OBRIGAÇÃO PATRONAL - FGTS;DESPESAS COM OBRIGAÇÃO PATRONAL RELATIVAS AO RECOLHIMENTO DE FUNDO DE GARANTIA POR TEMPO DE SERVIÇO – FGTS EM QUE A ADMINISTRAÇÃO PÚBLICA FIGURE COMO EMPREGADOR.
1401;DIÁRIAS ? CIVIL;VANTAGEM DEVIDA AO SERVIDOR QUE SE DESLOCAR DA SEDE NO DESEMPENHO DE SUAS ATRIBUIÇÕES, A TÍTULO DE INDENIZAÇÃO DAS DESPESAS DE ALIMENTAÇÃO E POUSADA. 
1501;DIÁRIAS ? MILITAR;DESPESAS DECORRENTES DO DESLOCAMENTO DO MILITAR DA SEDE DE SUA UNIDADE POR MOTIVO DE SERVIÇO, DESTINADAS À INDENIZAÇÃO DAS DESPESAS DE ALIMENTAÇÃO E POUSADA. 
1502;DIÁRIAS MILITAR – SCDP;DESPESAS DECORRENTES DO DESLOCAMENTO DO MILITAR DA SEDE DE SUA UNIDADE, EM FUNÇÃO DE ASSESSORIA MILITAR OU OUTRO SERVIÇO PRESTADO AOS ÓRGÃOS DOS OUTROS PODERES DO ESTADO DE MINAS GERAIS, DESTINADAS À INDENIZAÇÃO DAS DESPESAS COM ALIMENTAÇÃO E POUSADA, NOS TERMOS DO CONVÊNIO OU INSTRUMENTO CONGÊNERE FIRMADO ENTRE AS PARTES (TAIS DISPÊNDIOS DEVERÃO SER EXECUTADOS NO SISTEMA DE CONCESSÃO DE DIÁRIAS DE VIAGENS E PASSAGENS DE MINAS GERAIS – SCDP MG, EM VIRTUDE DE ADESÃO AO SISTEMA).
1601;SERVIÇO EXTRAORDINÁRIO;DEVIDO A SERVIDOR CONVOCADO PARA PRESTAR SERVIÇO ALÉM DA JORNADA NORMAL DE TRABALHO.
1602;SUBSTITUIÇÃO EM CARGOS EM COMISSÃO;DIFERENÇA DE VENCIMENTOS E VANTAGENS, DEVIDA A SERVIDOR SUBSTITUTO, A TÍTULO EVENTUAL EM CARGO PROVIDO EM COMISSÃO, NOS TERMOS DA LEI Nº. 869, DE 05/07/1952 OU LEI ESPECIAL.
1603;AULAS FACULTATIVAS;DEVIDA AO PESSOAL DO MAGISTÉRIO, CONFORME LEIS 9.381, DE 18/12/1986 E 11.721, 29/12/1994.
1604;GRATIFICAÇÃO POR ENCARGOS EXTRAORDINÁRIOS;GRATIFICAÇÃO DEVIDA AO PESSOAL DA ASSEMBLEIA LEGISLATIVA, DE ACORDO COM A LEGISLAÇÃO EM VIGOR.
1605;FÉRIAS-PRÊMIO;DEVIDA AO SERVIDOR PELO EFETIVO EXERCÍCIO NO SERVIÇO PÚBLICO DO ESTADO DE MINAS GERAIS, A CADA PERÍODO DE 5 (CINCO) ANOS – INCISO II, ART. 31 DA CONSTITUIÇÃO ESTADUAL (ALTERADO PELA EMENDA CONSTITUCIONAL Nº 18, DE 21/12/95).
1606;JORNADA COMPLEMENTAR DE TRABALHO;DESPESAS COM O PAGAMENTO DE JORNADA COMPLEMENTAR DE TRABALHO, CONFORME PORTARIA Nº 005, DE 25/02/2013 – IPSEMG.
1701;OUTRAS DESPESAS VARIÁVEIS ? PESSOAL MILITAR;DESPESAS EVENTUAIS, DE NATUREZA REMUNERATÓRIA, DEVIDAS EM VIRTUDE DO EXERCÍCIO DA ATIVIDADE MILITAR, EXCETO AQUELAS CLASSIFICADAS EM ELEMENTOS DE DESPESAS ESPECÍFICOS.
1801;AUXÍLIO FINANCEIRO A ESTUDANTES;DESPESAS COM AJUDA FINANCEIRA CONCEDIDA PELO ESTADO A ESTUDANTES COMPROVADAMENTE CARENTES, E CONCESSÃO DE AUXÍLIO PARA O DESENVOLVIMENTO DE ESTUDOS E PESQUISAS DE NATUREZA CIENTÍFICA, REALIZADAS POR PESSOAS FÍSICAS NA CONDIÇÃO DE ESTUDANTE, OBSERVADO O DISPOSTO NO ART. 26 DA LEI COMPLEMENTAR Nº 101, DE 04/05/2000.
1901;AUXÍLIO-FARDAMENTO;DESPESAS COM O AUXÍLIO-FARDAMENTO PAGO DIRETAMENTE AO SERVIDOR OU MILITAR, NOS TERMOS DA LEI DELEGADA Nº 37, DE 16/01/1989, COM REDAÇÃO ALTERADA PELA LEI Nº 16.076, DE 26/04/2006.
1902;ADIANTAMENTO ? FARDAMENTO;DESPESAS COM ADIANTAMENTO CONCEDIDO AO MILITAR RECÉM-PROMOVIDO OU COM TEMPO ESPECÍFICO DE PERMANÊNCIA NO POSTO OU NA GRADUAÇÃO, RESTITUÍVEL EM PARCELAS AO TESOURO ESTADUAL, NA FORMA DA LEI DELEGADA Nº 37, DE 16/01/1989.
1903;AUXILIO FARDAMENTO PAGO A PESSOAL CONTRATADO;DESPESAS COM O AUXÍLIO-FARDAMENTO PAGO DIRETAMENTE AO CONTRATADO, NOS TERMOS DA LEI Nº 16.076, DE 26/04/2006
2001;AUXÍLIO FINANCEIRO A PESQUISADORES;APOIO FINANCEIRO CONCEDIDO A PESQUISADORES, INDIVIDUAL OU COLETIVAMENTE, EXCETO NA CONDIÇÃO DE ESTUDANTE, NO DESENVOLVIMENTO DE PESQUISAS CIENTÍFICAS E TECNOLÓGICAS, NAS SUAS MAIS DIVERSAS MODALIDADES, OBSERVANDO O DISPOSTO NO ART. 26 DA LEI COMPLEMENTAR Nº 101, DE 04/05/2000.
2101;JUROS SOBRE A DÍVIDA INTERNA POR CONTRATOS;DESPESAS DECORRENTES DE JUROS DE EMPRÉSTIMOS OU FINANCIAMENTOS CONTRAÍDOS NO PAÍS.
2102;JUROS SOBRE A DÍVIDA EXTERNA POR CONTRATOS;DESPESAS COM JUROS DE EMPRÉSTIMOS OU FINANCIAMENTOS CONTRAÍDOS NO EXTERIOR.
2103;JUROS DA DIVIDA COM OS INSTITUTOS DE PREVIDÊNCIA;DESPESAS DECORRENTES DE JUROS DE DÍVIDAS DO ESTADO NÃO CLASSIFICÁVEIS NOS DEMAIS ITENS DESTE ELEMENTO. (EX.: DÍVIDA COM O IPSEMG) 
2104;JUROS SOBRE O PARCELAMENTO DA DÍVIDA PREVIDENCIÁRIA;DESPESAS DECORRENTES DE JUROS DA DÍVIDA DO ESTADO DE MINAS GERAIS COM A RECEITA FEDERAL DO BRASIL, EM FUNÇÃO DO PARCELAMENTO INSTITUÍDO POR LEI ESPECÍFICA, TAL COMO A LEI FEDERAL Nº 11.941 27/05/2009.
2105;JUROS DE OUTRAS DIVIDAS RENEGOCIADAS;DESPESAS DECORRENTES DE JUROS DE DÍVIDAS NÃO CLASSIFICÁVEIS NOS DEMAIS ITENS DESSE ELEMENTO. 
2106;JUROS SOBRE O PARCELAMENTO DA DÍVIDA COM O PASEP;DESPESAS DECORRENTES DE JUROS DA DÍVIDA DO ESTADO DE MINAS GERAIS REFERENTES AO PARCELAMENTO DO PROGRAMA DE FORMAÇÃO DO PATRIMÔNIO DO SERVIDOR PÚBLICO – PASEP – CONFORME LEI FEDERAL 12.810, DE 15/05/2013.
2107;JUROS SOBRE A DÍVIDA COM O GARANTIDOR;DESPESAS DECORRENTES DE JUROS COBRADOS PELO GARANTIDOR QUE ASSUMIU COMPROMISSO CONTRATUAL DE HONRAR DÍVIDA PÚBLICA, INTERNA OU EXTERNA, CONTRATADA PELO ESTADO.
2108;JUROS SOBRE A DÍVIDA INTERNA POR CONTRATOS REFINANCIADA ;DESPESAS DECORRENTES DO PAGAMENTO DE JUROS DAS DÍVIDAS DO ESTADO REFINANCIADAS PELA UNIÃO.
2109;JUROS DE EXECUÇÃO DE GARANTIAS HONRADAS PELA UNIÃO ;DESPESAS DECORRENTES DE JUROS REFERENTES AOS VALORES HONRADOS PELA UNIÃO, NOS CONTRATOS DE EMPRÉSTIMOS FIRMADOS PELO ESTADO TENDO A GARANTIA DA REPÚBLICA FEDERATIVA DO BRASIL
2110;"DESPESAS DECORRENTES DO PAGAMENTO DE JUROS DA DÍVIDA EM FUNÇÃO DE REGULARIZAÇÃO DA COMPENSAÇÃO DAS PERDAS DE ARRECADAÇÃO DO ICMS DO ESTADO

";DESPESAS DECORRENTES DO PAGAMENTO DE JUROS DA DÍVIDA EM FUNÇÃO DE REGULARIZAÇÃO DA COMPENSAÇÃO DAS PERDAS DE ARRECADAÇÃO DO ICMS DO ESTADO.
2201;OUTROS ENCARGOS  SOBRE A DÍVIDA INTERNA POR CONTRATOS;DESPESAS DECORRENTES DA DÍVIDA CONTRATADA INTERNA E PAGAMENTO DE SERVIÇOS E OPERAÇÕES DE ESTABELECIMENTOS BANCÁRIOS OU SIMILARES.
2202;OUTROS ENCARGOS  SOBRE A DÍVIDA EXTERNA POR CONTRATOS;DESPESAS DECORRENTES DA DÍVIDA CONTRATADA EXTERNA E PAGAMENTO DE SERVIÇOS E OPERAÇÕES DE ESTABELECIMENTOS BANCÁRIOS OU SIMILARES.
2203;ENCARGOS SOBRE A DÍVIDA HONRADA PELO GARANTIDOR;DESPESAS DECORRENTES DE OUTROS ENCARGOS COBRADOS PELO GARANTIDOR QUE ASSUMIU COMPROMISSO CONTRATUAL DE HONRAR DÍVIDA PÚBLICA, INTERNA OU EXTERNA, CONTRATADA PELO ESTADO
2204;OUTROS ENCARGOS  SOBRE A DÍVIDA INTERNA POR CONTRATOS REFINANCIADA;DESPESAS DECORRENTES DO PAGAMENTO DE SERVIÇOS E OPERAÇÕES DE ESTABELECIMENTOS BANCÁRIOS OU SIMILARES DAS DÍVIDAS DO ESTADO REFINANCIADAS PELA UNIÃO.
2205;ENCARGOS DE EXECUÇÃO DE DÍVIDAS HONRADAS PELA UNIÃO ;DESPESAS DECORRENTES DE JUROS REFERENTES AOS VALORES HONRADOS PELA UNIÃO, NOS CONTRATOS DE EMPRÉSTIMOS FIRMADOS PELO ESTADO TENDO A GARANTIA DA REPÚBLICA FEDERATIVA DO BRASIL
2301;JUROS DA DÍVIDA MOBILIÁRIA INTERNA;DESPESAS COM A REMUNERAÇÃO REAL DEVIDA PELA APLICAÇÃO DE CAPITAL DE TERCEIROS EM TÍTULOS PÚBLICOS. 
2302;JUROS DA DÍVIDA MOBILIÁRIA EXTERNA;DESPESAS COM A REMUNERAÇÃO REAL DEVIDA PELA APLICAÇÃO DE CAPITAL DE TERCEIROS EM TÍTULOS PÚBLICOS. 
2401;OUTROS ENCARGOS SOBRE A DÍVIDA MOBILIÁRIA;DESPESAS COM OUTROS ENCARGOS DA DÍVIDA MOBILIÁRIA, TAIS COMO: COMISSÃO, CORRETAGEM, SEGURO, ETC. 
2501;ENCARGOS SOBRE OPERAÇÕES DE CRÉDITOS POR ANTECIPAÇÃO DA RECEITA;DESPESAS COM O PAGAMENTO DE ENCARGOS DA DÍVIDA PÚBLICA, INCLUSIVE OS JUROS DECORRENTES DE OPERAÇÕES DE CRÉDITO POR ANTECIPAÇÃO DA RECEITA, CONFORME ART. 165, §8º, DA CONSTITUIÇÃO. 
2601;OBRIGAÇÕES DECORRENTES DE POLÍTICA MONETÁRIA;DESPESAS COM A COBERTURA DO RESULTADO NEGATIVO DO BANCO CENTRAL DO BRASIL, COMO AUTORIDADE MONETÁRIA, APURADO EM BALANÇO, NOS TERMOS DA LEGISLAÇÃO VIGENTE.
2701;ENCARGOS PELA HONRA DE AVAIS, GARANTIAS, SEGUROS E SIMILARES;DESPESAS QUE A ADMINISTRAÇÃO É COMPELIDA A REALIZAR EM DECORRÊNCIA DA HONRA DE AVAIS, GARANTIAS, SEGUROS, FIANÇAS E SIMILARES CONCEDIDOS.
2801;REMUNERAÇÃO DE COTAS DE FUNDOS AUTÁRQUICOS;ENCARGOS DECORRENTES DA REMUNERAÇÃO DE COTAS DE FUNDOS AUTÁRQUICOS, À SEMELHANÇA DE DIVIDENDOS, EM RAZÃO DOS RESULTADOS POSITIVOS DESSES FUNDOS.
2901;DISTRIBUIÇÃO DE RESULTADO DE EMPRESAS ESTATAIS DEPENDENTES;DESPESAS COM A DISTRIBUIÇÃO DE RESULTADO POSITIVO DE EMPRESAS ESTATAIS DEPENDENTES, INCLUSIVE A TÍTULO DE DIVIDENDOS E PARTICIPAÇÃO DE EMPREGADOS NOS REFERIDOS RESULTADOS.
3001;ARTIGOS PARA CONFECÇÃO E VESTUÁRIO;REGISTRA O VALOR DAS DESPESAS COM UNIFORMES OU QUALQUER TECIDO OU MATERIAL SINTÉTICO QUE SE DESTINE À CONFECÇÃO DE ROUPAS, COM LINHAS DE QUALQUER ESPÉCIE DESTINADAS A COSTURAS E AFINS, MATERIAIS DE CONSUMO EMPREGADOS DIRETA OU INDIRETAMENTE NA CONFECÇÃO DE ROUPAS, TAIS COMO: AGASALHOS, ARTIGOS DE COSTURA, AVENTAIS, BLUSAS, BOTÕES, CADARÇOS, CALÇADOS, CALÇAS, CAMISAS, CAPAS, CHAPÉUS, CINTOS, ELÁSTICOS, GRAVATAS, GUARDA-PÓS, LINHAS, MACACÕES, MEIAS, TECIDOS EM GERAL, UNIFORMES MILITARES OU DE USO CIVIL, ZÍPERES E AFINS.
3002;ARTIGOS PARA ESPORTE;ARTIGOS ESPECÍFICOS PARA ESPORTES, JOGOS E DIVERTIMENTOS INFANTIS E RESPECTIVOS ACESSÓRIOS. INCLUEM-SE AS PEÇAS DE USO ESPORTIVO COMO UNIFORMES, CHUTEIRAS, MEIAS, ETC.
3003;UTENSÍLIOS PARA COPA, REFEITÓRIO E COZINHA;REGISTRA O VALOR DAS DESPESAS COM MATERIAIS UTILIZADOS EM REFEITÓRIOS DE QUALQUER TIPO, COZINHAS RESIDENCIAIS, DE HOTÉIS, DE HOSPITAIS, DE ESCOLAS, DE UNIVERSIDADES, DE FÁBRICAS ETC, TAIS COMO: ABRIDOR DE GARRAFA, AÇUCAREIROS, ARTIGOS DE VIDRO E PLÁSTICO, BANDEJAS, COADORES, COLHERES, COPOS, EBULIDORES, FACAS, FARINHEIRAS, FÓSFOROS, FRIGIDEIRAS, GARFOS, GARRAFAS TÉRMICAS, PALITEIROS, PANELAS, PANOS DE COZINHA, PAPEL ALUMÍNIO, PRATOS, RECIPIENTES PARA ÁGUA, SUPORTES DE COPOS PARA CAFEZINHO, TIGELAS, VELAS, XÍCARAS E AFINS. EXCLUEM-SE DESTE ITEM OS UTENSÍLIOS DE USO INDUSTRIAL, CONSIDERADOS MATERIAL PERMANENTE.
3004;MATERIAL GRÁFICO E IMPRESSOS;IMPRESSOS PADRONIZADOS (QUE NÃO REQUEIRAM ESPECIFICAÇÃO EXCLUSIVA) E MATERIAIS DESTINADOS À IMPRESSÃO GRÁFICA EM ESCALA INDUSTRIAL.
3005;MATERIAL PARA ESCRITÓRIO;REGISTRA O VALOR DAS DESPESAS COM OS MATERIAIS UTILIZADOS DIRETAMENTE OS TRABALHOS ADMINISTRATIVOS, NOS ESCRITÓRIOS PÚBLICOS, NOS CENTROS DE ESTUDOS E PESQUISAS, NAS ESCOLAS, NAS UNIVERSIDADES ETC, TAIS COMO: AGENDA, ALFINETE DE AÇO, ALMOFADA PARA CARIMBOS, APAGADOR, APONTADOR DE LÁPIS, ARQUIVO PARA DISQUETE, BANDEJA PARA PAPÉIS, BLOCO PARA RASCUNHO BOBINA PAPEL PARA CALCULADORAS, BORRACHA, CADERNO, CANETA, CAPA E PROCESSO, CARIMBOS EM GERAL, CARTOLINA, CLASSIFICADOR, CLIPE COLA, COLCHETE, CORRETIVO, ENVELOPE, ESPÁTULA, ESTÊNCIL, ESTILETE, EXTRATOR DE GRAMPOS, FITA ADESIVA, FITA PARA MÁQUINA DE ESCREVER E CALCULAR, GIZ, GOMA ELÁSTICA, GRAFITE, GRAMPEADOR, GRAMPOS, GUIA PARA ARQUIVO, GUIA DE ENDEREÇAMENTO POSTAL, IMPRESSOS E FORMULÁRIO EM GERAL, INTERCALADOR PARA FICHÁRIO, LACRE, LÁPIS, LAPISEIRA, LIMPA TIPOS, LIVROS DE ATA, DE PONTO E DE PROTOCOLO, PAPÉIS, PASTAS EM GERAL, PERCEVEJO, PERFURADOR, PINÇA, PLACAS DE ACRÍLICO, PLÁSTICOS, PORTA-LÁPIS, REGISTRADOR, RÉGUA, SELOS PARA CORRESPONDÊNCIA, TESOURA, TINTAS, TONER, TRANSPARÊNCIAS E AFINS.
3006;MATERIAL DE DESENHO;MATERIAL DE UTILIZAÇÃO ESPECÍFICA PARA DESENHO, CARTOGRAFIA, GEODÉSIA E TOPOGRAFIA.
3007;MATERIAL DE ENSINO;MATERIAL DE ENSINO, INCLUSIVE LIVROS DIDÁTICOS. EXCLUEM-SE LIVROS TÉCNICOS E DE ACERVO BIBLIOGRÁFICO CLASSIFICADOS EM ITENS ESPECÍFICOS.
3008;PRODUTOS ALIMENTÍCIOS;GÊNEROS ALIMENTÍCIOS, QUER SEJAM NATURAIS, BENEFICIADOS OU CONSERVADOS E BEBIDAS EM GERAL. INCLUEM-SE DESTE ITEM OS PRODUTOS HORTIFRUTIGRANJEIROS.
3009;FORRAGENS E OUTROS ALIMENTOS PARA ANIMAIS;PRODUTOS AO NATURAL OU BENEFICIADOS, DESTINADOS À ALIMENTAÇÃO DE ANIMAIS.
3010;MATERIAL MÉDICO E HOSPITALAR;INSTRUMENTOS, UTENSÍLIOS E MATERIAIS UTILIZADOS EM ESTABELECIMENTOS HOSPITALARES, AMBULATÓRIOS E ENFERMARIAS, EXCETO OS AUTOCLAVÁVEIS.
3011;MATERIAL ODONTOLÓGICO;INSTRUMENTOS, UTENSÍLIOS E MATERIAIS UTILIZADOS EM GABINETES ODONTOLÓGICOS, INCLUSIVE OS MEDICAMENTOS E PREPARADOS QUÍMICOS DE USO ODONTOLÓGICO ESPECÍFICO, EXCETO OS AUTOCLAVÁVEIS.
3012;MEDICAMENTOS;MEDICAMENTOS E PREPARADOS FARMACÊUTICOS, PARA USO HUMANO E VETERINÁRIO. EXCLUEM-SE DESTE ITEM OS MEDICAMENTOS DE USO ODONTOLÓGICO.
3013;MATERIAIS DE LABORATÓRIO E PRODUTOS QUÍMICOS EM GERAL;INSTRUMENTOS, UTENSÍLIOS E MATERIAIS DESTINADOS A TRABALHOS E PESQUISAS DE LABORATÓRIO.
3014;MATERIAL RADIOLÓGICO;MATERIAL E ACESSÓRIOS PARA USO EM RADIOGRAFIA.
3015;MATERIAL FOTOGRÁFICO, CINEMATOGRÁFICO E DE COMUNICAÇÃO;MATERIAL PARA USO EM FOTOGRAFIA E FILMAGEM, GRAVAÇÃO, RADIOFONIA E TELECOMUNICAÇÕES.
3016;MATERIAL DE INFORMÁTICA;"MATERIAL PARA USO EM EQUIPAMENTO DE PROCESSAMENTO DE DADOS, PEÇAS E ACESSÓRIOS PARA SUA MANUTENÇÃO E FUNCIONAMENTO, INCLUSIVE FORMULÁRIOS, FITAS PARA IMPRESSORA, DISQUETE VIRGEM E MOUSE; DISCO RÍGIDO, PLACAS E MEMÓRIAS PARA APERFEIÇOAMENTO TECNOLÓGICO, DESDE QUE SEJA INDICADO O NÚMERO DO PATRIMÔNIO DO BEM A SER MODIFICADO; MONITOR E TECLADO, DESDE QUE SEJA INDICADO O NÚMERO DE PATRIMÔNIO DO BEM A SER SUBSTITUÍDO POR TER SE TORNADO OBSOLETO OU DANIFICADO E/OU O NÚMERO DA CPU, NA QUAL SERÁ ACOPLADO."
3017;ARTIGOS PARA LIMPEZA E HIGIENE;"MATERIAIS DIVERSOS DESTINADOS À HIGIENE PESSOAL E ANIMAL E À LIMPEZA E PROFILAXIA DE AMBIENTES, BENS IMÓVEIS, EQUIPAMENTOS, INSTALAÇÕES E MATERIAIS PERMANENTES. 
INCLUEM-SE NESTE ITEM BALDES, ESFREGÕES, PÁ PARA LIXO, PALHA DE AÇO, PRODUTOS PARA HIGIENIZAÇÃO DE PISCINAS, CAPACHOS, ETC.
"
3018;MATÉRIAS-PRIMAS E PRODUTOS PARA MANIPULAÇÃO E INDÚSTRIAS DE TRANSFORMAÇÃO;MATÉRIAS-PRIMAS E PRODUTOS MANUFATURADOS OU SEMIMANUFATURADOS, ADQUIRIDOS POR ÓRGÃOS/ENTIDADES QUE POSSUAM LABORATÓRIO DE MANIPULAÇÃO OU UNIDADES DE TRANSFORMAÇÃO/FABRICAÇÃO, PARA PRODUÇÃO DE BENS MÓVEIS OU IMÓVEIS PARA USO PRÓPRIO OU DE OUTROS ÓRGÃOS/ENTIDADES.
3019;MATERIAL PARA MANUTENÇÃO E REPAROS DE IMÓVEIS DE PROPRIEDADE DA ADMINISTRAÇÃO PÚBLICA;MATERIAIS DESTINADOS À MANUTENÇÃO E REPAROS EM IMÓVEIS, INCLUSIVE MATERIAL DE CONSTRUÇÃO E PREMOLDADOS, DESDE QUE A REFORMA NÃO SE CARACTERIZE COMO OBRAS E INSTALAÇÕES. EXCLUEM-SE DESTE ITEM OS MATERIAIS ELÉTRICOS CLASSIFICADOS EM ITEM ESPECÍFICO.
3020;MATERIAL ELÉTRICO E ELETRÔNICO;DESPESAS COM MATERIAIS DE CONSUMO PARA APLICAÇÃO, MANUTENÇÃO E REPOSIÇÃO DOS SISTEMAS, APARELHOS E EQUIPAMENTOS ELÉTRICOS E ELETRÔNICOS.
3021;MATERIAL PARA MANUTENÇÃO E REPAROS DE BENS DE DOMÍNIO PÚBLICO OU DE TERCEIROS;MATERIAL DESTINADO A REPAROS, ADAPTAÇÃO, RECUPERAÇÃO E CONSERVAÇÃO DE EDIFICAÇÕES, TERRENOS, PRAÇAS, RUAS E OUTROS BENS DE DOMÍNIO PÚBLICO OU DE TERCEIROS, ALUGADOS OU ARRENDADOS AO ESTADO, DESDE QUE NÃO SE CARACTERIZE COMO OBRA.
3022;FERRAMENTAS, FERRAGENS E UTENSÍLIOS;FERRAMENTAS DE PEQUENO PORTE, FERRAGENS E UTENSÍLIOS, TAIS COMO ALMOTOLIA, ESCADA DOBRÁVEL, LANTERNA A PILHA, BARRACAS PARA ACAMPAMENTO, EQUIPAMENTO DE PROTEÇÃO INDIVIDUAL, ETC. EXCLUEM-SE DESTE ITEM OS JOGOS E ESTOJOS DE FERRAMENTAS CONSIDERADOS MATERIAL PERMANENTE E OS UTENSÍLIOS PARA COPA E COZINHA CLASSIFICADOS EM ITEM PRÓPRIO.
3023;MATERIAL PARA MANUTENÇÃO DE VEÍCULOS AUTOMOTORES;MATERIAL PARA CONSERVAÇÃO, RECUPERAÇÃO E REPARO DE VEÍCULOS AUTOMOTORES ADQUIRIDOS DIRETAMENTE PELO ÓRGÃO/ENTIDADE DESDE QUE NÃO HAJA VINCULAÇÃO À CONTRATAÇÃO DE SERVIÇOS. 
3024;PEÇAS E ACESSÓRIOS PARA EQUIPAMENTOS E OUTROS MATERIAIS PERMANENTES;"MATERIAIS PARA CONSERVAÇÃO, RECUPERAÇÃO E REPARO DE EQUIPAMENTOS, MATERIAL PERMANENTE E RESPECTIVAS PEÇAS DE REPOSIÇÃO.
EXCLUEM-SE PEÇAS E ACESSÓRIOS PARA EQUIPAMENTO DE INFORMÁTICA, CLASSIFICADOS EM ITEM ESPECÍFICO.
"
3025;MATERIAL DE SEGURANÇA, APETRECHOS OPERACIONAIS E POLICIAIS;MATERIAL PARA COMBATE A INCÊNDIO, SEGURANÇA COLETIVA E ARTIGOS PARA ACAMPAMENTO, CAMPANHA, MONTARIA E SIMILARES, APETRECHOS E EQUIPAMENTOS, NÃO CARACTERIZADOS COMO MATERIAL PERMANENTE, UTILIZADOS NAS ATIVIDADES POLICIAIS E CARCERÁRIAS.
3026;COMBUSTÍVEIS E LUBRIFICANTES PARA VEÍCULOS AUTOMOTORES;TODA ESPÉCIE DE COMBUSTÍVEIS E LUBRIFICANTES PARA USO EM VEÍCULOS AUTOMOTORES.
3027;COMBUSTÍVEIS E LUBRIFICANTES PARA EQUIPAMENTOS E OUTROS MATERIAIS PERMANENTES;TODA ESPÉCIE DE COMBUSTÍVEIS E LUBRIFICANTES PARA USO EM MÁQUINAS, MOTORES E SIMILARES.
3028;ANIMAIS DESTINADOS A ESTUDOS, À PREPARAÇÃO DE PRODUTOS E AO ABATE;"ANIMAIS NECESSÁRIOS A ESTUDOS, ANÁLISES E EXPERIÊNCIAS; ANIMAIS DESTINADOS À INDÚSTRIA DE TRANSFORMAÇÃO E AO ABATE."
3029;- SEMENTES, MUDAS DE PLANTAS E INSUMOS;SEMENTES E MUDAS DE PLANTAS EM GERAL, ASSIM COMO OS INSUMOS UTILIZADOS, TAIS COMO: ADUBOS, FERTILIZANTES E AFINS. 
3030;MATERIAIS PARA ACONDICIONAMENTO E EMBALAGEM;MATERIAIS DESTINADOS AO ACONDICIONAMENTO E EMBALAGENS.
3031;LIVROS TÉCNICOS;LIVROS DE USO CONSTANTE DO SERVIDOR PÚBLICO. EXCLUEM-SE OS LIVROS CLASSIFICADOS COMO MATERIAL PERMANENTE PARA ACERVOS DE BIBLIOTECAS (ELEMENTO 52, ITEM 18) E OS ADQUIRIDOS PARA ACERVO DE BIBLIOTECAS PÚBLICAS (ELEMENTO 30, ITEM 36).  
3032;MATERIAL CÍVICO E EDUCATIVO;MATERIAIS DESTINADOS A ATIVIDADES CÍVICAS E EDUCATIVAS, TAIS COMO: BANDEIRAS, INSÍGNIAS, BRASÕES E FLÂMULAS. 
3033;COMBUSTÍVEIS E LUBRIFICANTES PARA AERONAVES;COMBUSTÍVEIS E LUBRIFICANTES DESTINADOS A QUALQUER TIPO DE AERONAVE.
3034;PEÇAS E ACESSÓRIOS PARA AERONAVES;MATERIAIS EMPREGADOS NA MANUTENÇÃO E REPAROS DE AERONAVES.
3036;MATERIAL BIBLIOGRÁFICO PARA BIBLIOTECAS PÚBLICAS;DESPESAS COM AQUISIÇÃO DE MATERIAL BIBLIOGRÁFICO PARA BIBLIOTECAS PÚBLICAS, CONFORME LEI FEDERAL Nº 10.753, DE 30/10/2003.
3037;MEDICAMENTOS E MATERIAL MÉDICO HOSPITALAR - DECISÃO JUDICIAL;ITEM BLOQUEADO
3038;LEITE ? PROGRAMA LEITE PELA VIDA;AQUISIÇÃO DE LEITE PARA DISTRIBUIÇÃO À POPULAÇÃO DA ÁREA DE ABRANGÊNCIA DO IDENE POR MEIO DO PROGRAMA LEITE PELA VIDA. 
3039;MATERIAL DE CONFECÇÃO EM GERAL;MATERIAL PARA CONFECÇÃO EM GERAL, TAL COMO ACRÍLICO, VINIL, LONA, PLÁSTICO, COURO, PVDC, PVC, ALUMINO, LÃ, AÇO, POLIÉSTER, ALGODÃO, GESSO, SILICONE, DENTRE OUTROS, DESDE QUE A DESPESA NÃO SE ENQUADRE EM OUTRO ITEM MAIS ESPECÍFICO (EXEMPLO: AQUISIÇÃO DE ACRÍLICO PARA A CONFECÇÃO DE PRÓTESES DENTÁRIAS SE ENQUADRA NO ITEM DE DESPESA 30-11 – MATERIAL ODONTOLÓGICO).
3040;MATERIAL DE CAMA, MESA E BANHO;REGISTRA O VALOR DAS DESPESAS COM MATERIAIS UTILIZADOS EM DORMITÓRIOS COLETIVOS, RESIDENCIAIS, HOTÉIS, RESTAURANTES ETC, TAIS COMO: COBERTORES, COLCHAS, COLCHONETES, FRONHAS, GUARDANAPOS, LENÇÓIS, TOALHAS, TRAVESSEIROS E AFINS.
3041;MATERIAL DE PROTEÇÃO E SEGURANÇA;REGISTRA O VALOR DAS DESPESAS COM MATERIAIS DE CONSUMO UTILIZADOS DIRETAMENTE NA PROTEÇÃO DE PESSOAS OU BENS PÚBLICOS, TAIS COMO: BOTAS, CADEADOS, CALÇADOS ESPECIAIS, CAPACETES, CHAVES, CINTOS, COLETES, DEDAIS, GUARDA-CHUVAS, LONA, LUVAS, MANGUEIRA DE LONA, MÁSCARAS, ÓCULOS, PLACAS DE ACRÍLICO E AFINS. OS MATERIAIS DE PROTEÇÃO E SEGURANÇA UTILIZADOS EM ESTABELECIMENTOS HOSPITALARES, AMBULATÓRIOS E ENFERMARIAS SERÃO CLASSIFICADOS NO ITEM 3010 - MATERIAL MÉDICO E HOSPITALAR. POR SUA VEZ, OS MATERIAIS DE PROTEÇÃO E SEGURANÇA UTILIZADOS NAS ATIVIDADES POLICIAIS E CARCERÁRIAS SERÃO CLASSIFICADOS NO ITEM 3025 - MATERIAL DE SEGURANÇA, APETRECHOS OPERACIONAIS E POLICIAIS.
3042;MATERIAL PARA FISIOTERAPIA E TERAPIA OCUPACIONAL;MATERIAIS E ACESSÓRIOS PARA USO EM FISIOTERAPIA E TERAPIA OCUPACIONAL, INCLUINDO DISPOSITIVOS DE TECNOLOGIA ASSISTIVA PARA USO COTIDIANO.
3099;OUTROS MATERIAIS;MATERIAIS NÃO CLASSIFICÁVEIS NOS ITENS ANTERIORES.
3101;PRÊMIOS, DIPLOMAS, CONDECORAÇÕES E MEDALHAS;DESPESAS COM AQUISIÇÃO DE TROFÉUS, MEDALHAS, TAÇAS, DISTINTIVOS, DIPLOMAS E OUTROS BENS PARA FINS DE PREMIAÇÃO.
3102;PRÊMIOS LOTÉRICOS;DESPESA COM PAGAMENTO DE PRÊMIOS CONFERIDOS AOS GANHADORES DE BILHETES PREMIADOS, EM PECÚNIA OU BENS.
3103;COMISSÕES LOTÉRICAS;DESPESAS COM O PAGAMENTO DE COMISSÕES CONFERIDAS AOS VENDEDORES DE BILHETES E COM OS PERCENTUAIS PAGOS ÀS CASAS LOTÉRICAS PERMISSIONADAS PELA CAIXA ECONÔMICA FEDERAL – CEF, PARA COMERCIALIZAR OS JOGOS DA LOTERIA NO ESTADO.
3104;PREMIAÇÕES;DESPESAS COM O PAGAMENTO DE PRÊMIOS EM DINHEIRO OU ESPÉCIE, POR OBRAS CIENTÍFICAS, TRABALHOS ESCOLARES OU TÉCNICOS, OU DE ESTÍMULO À CULTURA EM GERAL. 
3105;PREMIAÇÃO - NOTA FISCAL MINEIRA;DESPESAS DO PROGRAMA NOTA FISCAL MINEIRA COM O PAGAMENTO DE PRÊMIOS EM DINHEIRO AOS CONSUMIDORES FINAIS PESSOAS FÍSICAS E ENTIDADES DE ASSISTÊNCIA SOCIAL SEM FINS LUCRATIVOS SITUADAS NO ESTADO DE MINAS GERAIS.
3201;MATERIAL DE DISTRIBUIÇÃO GRATUITA;DESPESAS COM AQUISIÇÃO DE MATERIAIS PARA DISTRIBUIÇÃO GRATUITA, TAIS COMO LIVROS DIDÁTICOS, MEDICAMENTOS, GÊNEROS ALIMENTÍCIOS E OUTROS MATERIAIS OU BENS QUE POSSAM SER DISTRIBUÍDOS GRATUITAMENTE, EXCETO SE DESTINADOS A PREMIAÇÕES CULTURAIS, ARTÍSTICAS, CIENTÍFICAS, DESPORTIVAS E OUTRAS. 
3202;MATERIAL DE ASSISTÊNCIA HUMANITÁRIA;DESPESAS COM A AQUISIÇÃO DE MATERIAIS PARA DISTRIBUIÇÃO GRATUITA COMO ÁGUA, GÊNEROS ALIMENTÍCIOS, MEDICAMENTOS, MATERIAIS DE ABRIGAMENTO, VESTUÁRIO, LIMPEZA E HIGIENE PESSOAL E DEMAIS ITENS DE PRIMEIRA NECESSIDADE, COM A FINALIDADE DE FORNECER ASSISTÊNCIA HUMANITÁRIA ÀS POPULAÇÕES ATINGIDAS POR DESASTRES E PELOS SEUS EFEITOS.
3301;PASSAGENS - PESSOA FÍSICA;DESPESAS COM PASSAGENS AÉREAS, TERRESTRES E MARÍTIMAS, TAXAS DE EMBARQUE E SEGUROS ADQUIRIDOS DIRETAMENTE PELO ÓRGÃO, ENTIDADE OU POR MEIO DE PESSOA FÍSICA. NÃO SERÃO CLASSIFICADAS NESTE ITEM AS PASSAGENS ADQUIRIDAS PARA TRANSPORTE URBANO. (AS PASSAGENS ADQUIRIDAS POR MEIO DE CONTRATOS COM AGÊNCIAS DE VIAGENS ESTÃO CONTEMPLADAS NO ELEMENTO/ITEM 33-04 PASSAGENS – PESSOA JURÍDICA).
3302;DESPESAS COM TRANSPORTE URBANO, PEDÁGIO E ESTACIONAMENTO - PESSOA FÍSICA;DESPESAS COM TRANSPORTE URBANO (TÁXI, PASSES, CONEXÃO AEROPORTO), PEDÁGIO E ESTACIONAMENTO (TALONÁRIO ROTATIVO, AEROPORTO, PRIVADO PARA VEÍCULO OFICIAL), ADQUIRIDAS POR MEIO DE PESSOA FÍSICA.
3303;FRETAMENTO E LOCAÇÃO - PESSOA FÍSICA;DESPESAS COM FRETAMENTO, LOCAÇÃO OU USO DE VEÍCULOS PARA TRANSPORTE DE PESSOAS E SUAS RESPECTIVAS BAGAGENS ADQUIRIDAS POR MEIO DE PESSOA FÍSICA, EM DECORRÊNCIA DE MUDANÇAS DE DOMICÍLIO NO INTERESSE DA ADMINISTRAÇÃO.
3304;PASSAGENS - PESSOA JURÍDICA;DESPESAS COM SERVIÇO DE AGENCIAMENTO DE PASSAGENS AÉREAS, TERRESTRES E MARÍTIMAS, TAXAS DE EMBARQUE E SEGUROS ADQUIRIDOS POR MEIO DE EMPRESA CONTRATADA NOS TERMOS DO INCISO I DO ART. 47 DO DECRETO Nº 47.045, DE 14/09/2016.
3305;SERVIÇOS DE TRANSPORTES DE PASSAGEIROS, FRETAMENTO E LOCAÇÃO - PESSOA JURÍDICA;DESPESAS COM A CONTRATAÇÃO DE TRANSPORTE DE PASSAGEIROS, FRETAMENTO, LOCAÇÃO, BEM COMO A CONTRATAÇÃO REGULAR DE SERVIÇO CONVENCIONAL DE TÁXI (CONFORME A RESOLUÇÃO SEPLAG Nº 057, DE 05/11/2008).
3306;VALE-PEDÁGIO OBRIGATÓRIO;DESPESAS COM O PAGAMENTO DE PEDÁGIO DECORRENTE DE CONTRATAÇÃO DE SERVIÇO DE TRANSPORTE, CONFORME ESTABELECIDO PELO ART. 2° DA LEI Nº 10.209/2001.
3401;OUTRAS DESPESAS DE PESSOAL DECORRENTES DE CONTRATOS DE TERCEIRIZAÇÃO;DESPESAS RELATIVAS À MÃO-DE-OBRA, CONSTANTES DOS CONTRATOS DE TERCEIRIZAÇÃO, EM OBEDIÊNCIA AO DISPOSTO NO ART. 18, §1º, DA LEI COMPLEMENTAR N° 101, DE 04/05/2000
3501;SERVIÇOS DE CONSULTORIA ? PESSOA FÍSICA;DESPESAS COM PRESTAÇÃO DE SERVIÇOS DE CONSULTORIA POR PESSOA FÍSICA. 
3502;SERVIÇOS DE CONSULTORIA ? PESSOA JURÍDICA;DESPESAS COM PRESTAÇÃO DE SERVIÇOS DE CONSULTORIA POR PESSOA JURÍDICA.
3503;SERVIÇOS DE CONSULTORIA ? ORGANISMO INTERNACIONAL;DESPESAS COM PRESTAÇÃO DE SERVIÇOS DE CONSULTORIA POR ORGANISMO INTERNACIONAL.
3601;ESTAGIÁRIOS;DESPESAS COM PRESTAÇÃO DE SERVIÇOS POR ESTUDANTES NA CONDIÇÃO DE ESTAGIÁRIOS OU MONITORES, QUANDO CONTRATADOS DIRETAMENTE PELO ÓRGÃO/ENTIDADE, SEM INTERMEDIAÇÃO DE OUTRAS ENTIDADES. (AS DESPESAS COM TRANSPORTE E ALIMENTAÇÃO ESTÃO CONTEMPLADAS NOS ITENS 46-01 – AUXÍLIO ALIMENTAÇÃO E 49-01 – AUXÍLIO TRANSPORTE).
3602;MÉDICOS RESIDENTES;DESPESAS COM PRESTAÇÃO DE SERVIÇOS POR MÉDICOS RESIDENTES.
3603;SALÁRIOS DE INTERNOS;DESPESAS COM O PAGAMENTO A INTERNOS, PRESOS, PRESIDIÁRIOS ALIENADOS E OUTROS.
3604;DIÁRIAS A COLABORADORES EVENTUAIS;DESPESAS COM O PAGAMENTO DE POUSADA, ALIMENTAÇÃO, PASSAGENS E CUSTOS DE DESLOCAMENTO DE PALESTRANTES, MEMBROS DOS CONSELHOS ESTADUAIS E DEMAIS COLABORADORES QUE NÃO POSSUAM VÍNCULO COM A ADMINISTRAÇÃO PÚBLICA DE QUAISQUER DOS PODERES DA UNIÃO, DOS ESTADOS E DOS MUNICÍPIOS.
3606;FORNECIMENTO DE ALIMENTAÇÃO;DESPESAS COM REFEIÇÕES E LANCHES PREPARADOS POR PESSOA FÍSICA. 
3607;CONFECÇÃO EM GERAL;DESPESA COM SERVIÇOS DE CONFECÇÃO OU CONSERVAÇÃO DE PEÇAS DE VESTUÁRIO, CAMA, MESA, BANHO, CORTINAS, MATERIAIS ESPORTIVOS, DENTRE OUTROS.
3608;MÉDICOS;DESPESAS COM PRESTAÇÃO DE SERVIÇOS MÉDICOS EXECUTADOS POR PESSOA FÍSICA, QUANDO NÃO CARACTERIZAR CONTRATAÇÃO DE PESSOAL EM SUBSTITUIÇÃO AO QUADRO DA INSTITUIÇÃO CONTRATANTE, CASO EM QUE A DESPESA DEVERÁ SER CLASSIFICADA NO ELEMENTO 34 – OUTRAS DESPESAS DE PESSOAL DECORRENTES DE TERCEIRIZAÇÃO, ITEM 01.
3609;DENTISTAS;DESPESAS COM PRESTAÇÃO DE SERVIÇOS ODONTOLÓGICOS EXECUTADOS POR PESSOA FÍSICA, QUANDO NÃO CARACTERIZAR CONTRATAÇÃO DE PESSOAL EM SUBSTITUIÇÃO AO QUADRO DA INSTITUIÇÃO CONTRATANTE, CASO EM QUE A DESPESA DEVERÁ SER CLASSIFICADA NO ELEMENTO 34 – OUTRAS DESPESAS DE PESSOAL DECORRENTES DE TERCEIRIZAÇÃO, ITEM 01.
3610;EVENTUAL DE GABINETE;DESPESAS EVENTUAIS DE REALIZAÇÃO EXCLUSIVA DO VICE-GOVERNADOR, SECRETÁRIO DE ESTADO, ADVOGADO-GERAL DO ESTADO, AUDITOR-GERAL DO ESTADO, SECRETÁRIO-ADJUNTO DE ESTADO, ADVOGADO-GERAL ADJUNTO DO ESTADO, AUDITOR-GERAL ADJUNTO DO ESTADO, SERVIDORES INVESTIDOS EM CARGOS DE PROVIMENTO EM COMISSÃO DO GRUPO DE DIREÇÃO E ASSESSORAMENTO – DAD, QUE EXERÇAM ATIVIDADES INERENTES À CHEFIA DE GABINETE DO VICE-GOVERNADOR OU DE SECRETARIA DE ESTADO, SUBSECRETÁRIO DE ASSUNTOS INTERNACIONAIS E DIRIGENTE MÁXIMO DE ÓRGÃOS AUTÔNOMOS, AUTARQUIAS E FUNDAÇÕES PÚBLICAS ART. 30 DO DECRETO Nº 37.924/96, DE 16/05/1996 ALTERADO PELO DECRETO Nº 44.453, DE 30/01/07. 
3611;LOCAÇÃO DE BENS IMÓVEIS;DESPESAS COM CONTRATOS DE ALUGUÉIS DE BENS IMÓVEIS INCLUINDO OS VALORES DEVIDOS A TÍTULO DE RESSARCIMENTO DE TRIBUTOS E OUTRAS DESPESAS PAGAS PELO LOCATÁRIO DIRETAMENTE AO LOCADOR, PREVISTOS EM CLÁUSULA CONTRATUAL.
3612;DESPESAS MIÚDAS DE PRONTO PAGAMENTO;PEQUENAS DESPESAS URGENTES PARA MANUTENÇÃO DE SERVIÇOS, QUE NÃO PERMITEM EMISSÃO DE EMPENHO PRÉVIO ESPECÍFICO.
3613;PESSOAL DE ENFERMAGEM;DESPESAS COM PRESTAÇÃO DE SERVIÇOS POR ENFERMEIROS/AUXILIARES DE ENFERMAGEM, QUANDO NÃO CARACTERIZAR CONTRATAÇÃO DE PESSOAL EM SUBSTITUIÇÃO AO QUADRO DA INSTITUIÇÃO CONTRATANTE, CASO EM QUE A DESPESA DEVERÁ SER CLASSIFICADA NO ELEMENTO 34 – OUTRAS DESPESAS DE PESSOAL DECORRENTES DE TERCEIRIZAÇÃO, ITEM 01.
3614;MONITORES, FISCAIS E EXAMINADORES;DESPESAS COM PRESTAÇÃO DE SERVIÇOS POR MONITORES, FISCAIS E EXAMINADORES DE PROVAS E OUTROS QUE EXERÇAM FUNÇÕES CORRELATAS. 
3615;ENCARGOS FINANCEIROS;DESPESAS COM MULTAS, JUROS DE MORA OU ATUALIZAÇÃO MONETÁRIA REFERENTES A PAGAMENTO EFETUADO FORA DO PRAZO. 
3616;REPARO E MANUTENÇÃO DE VEÍCULOS;DESPESAS COM REPAROS, RECUPERAÇÃO E MANUTENÇÃO DE VEÍCULOS, PODENDO COMPREENDER MATERIAIS E PEÇAS EMPREGADAS SE ADQUIRIDAS PELO PRESTADOR DE SERVIÇOS E SERVIÇOS DE REBOQUE.
3617;REPAROS DE EQUIPAMENTOS, INSTALAÇÕES E MATERIAL PERMANENTE;DESPESAS COM REPAROS, ADAPTAÇÃO E CONSERVAÇÃO DE EQUIPAMENTOS, INSTALAÇÕES E MATERIAL PERMANENTE, COMPREENDENDO PEÇAS UTILIZADAS SE ADQUIRIDAS PELO PRESTADOR DE SERVIÇOS, EXCETO VEÍCULOS. 
3618;REPAROS DE BENS IMÓVEIS;DESPESAS COM PRESTAÇÃO DE SERVIÇOS POR PESSOA FÍSICA PARA REPAROS, ADAPTAÇÃO, RECUPERAÇÃO E CONSERVAÇÃO DE EDIFICAÇÕES, TERRENOS E OUTROS BENS DO ESTADO, DE DOMÍNIO PÚBLICO, OU DE TERCEIROS ALUGADOS OU ARRENDADOS AO ESTADO, DESDE QUE NÃO SE CARACTERIZE COMO OBRAS, COMPREENDENDO MATERIAIS UTILIZADOS. (EX.:PINTURA, REPAROS E REFORMAS DE IMÓVEIS EM GERAL, REPAROS EM INSTALAÇÕES ELÉTRICAS E HIDRÁULICAS, REPAROS, RECUPERAÇÕES E ADAPTAÇÕES DE BIOMBOS, CARPETES, DIVISÓRIAS E LAMBRIS, MANUTENÇÃO DE ELEVADORES E AFINS)
3619;CONFERÊNCIAS E EXPOSIÇÕES;DESPESAS COM O PAGAMENTO DIRETO A CONFERENCISTA E/OU EXPOSITORES PELOS SERVIÇOS PRESTADOS.
3620;JETONS A CONSELHEIROS;DESPESAS COM A REMUNERAÇÃO (JETONS) A MEMBROS DE ÓRGÃOS DE DELIBERAÇÃO COLETIVA (CONSELHOS), DEFINIDA EM LEGISLAÇÃO ESPECÍFICA.
3621;ADVOGADOS DATIVOS;ITEM BLOQUEADO.
3622;TAXA DE CONDOMÍNIO;DESPESAS COM O PAGAMENTO E/OU RATEIO DE DESPESAS COMO TAXA DE CONDOMÍNIO, TARIFA DE ÁGUA, ENERGIA ELÉTRICA, IPTU, DESDE QUE NÃO POSSAM SER EMPENHADAS NO ELEMENTO ITEM OBJETO DO GASTO E QUE SEJAM PAGAS A TÍTULO DE RESSARCIMENTO E DIRETAMENTE A PESSOA FÍSICA.
3623;GRATIFICAÇÃO POR ENCARGO DE CURSO OU CONCURSO;"GRATIFICAÇÃO DEVIDA AO SERVIDOR POR ENCARGO DE CURSO OU CONCURSO PARA O EXERCÍCIO DE FUNÇÕES DE FISCAL DE PROVAS, AUXILIAR OU MEMBRO DE BANCAS OU COMISSÕES DE CONCURSOS PÚBLICOS OU PROVAS; EXERCÍCIO DE FUNÇÕES DE MAGISTÉRIO EM PROGRAMAS DE FORMAÇÃO, QUALIFICAÇÃO, CAPACITAÇÃO OU TREINAMENTO E PARTICIPAÇÃO NO PLANEJAMENTO, NA COORDENAÇÃO, SUPERVISÃO, EXECUÇÃO E AVALIAÇÃO DE RESULTADO DE CONCURSO PÚBLICO, DESDE QUE TAIS ATIVIDADES NÃO ESTEJAM INCLUÍDAS ENTRE AS SUAS ATRIBUIÇÕES PERMANENTES. "
3624;SERVIÇOS TÉCNICOS JUDICIAIS ? HONORÁRIOS PERICIAIS ? JUSTIÇA GRATUITA;DESPESA COM O PAGAMENTO DE HONORÁRIOS PERICIAIS, QUANDO O PAGAMENTO DA PERÍCIA FOR DE RESPONSABILIDADE DE BENEFICIÁRIO DE GRATUIDADE DA JUSTIÇA, NOS TERMOS DA RESOLUÇÃO DE Nº 127 DO CONSELHO NACIONAL DE JUSTIÇA E DO §3º DO ART. 95 DA LEI FEDERAL Nº 13.105, DE 16/03/2015.
3625;CONTRATAÇÃO PARA PRESTAÇÃO DE SERVIÇO POR CREDENCIADOS;DESPESAS ORIUNDAS DO REGIME DE CREDENCIAMENTO, ENTENDIDO COMO O ATO OU CONTRATO FORMAL PELO QUAL A ADMINISTRAÇÃO PÚBLICA CONFERE A UM PARTICULAR A PRERROGATIVA DE EXERCER CERTAS ATIVIDADES MATERIAIS OU TÉCNICAS, EM CARÁTER INSTRUMENTAL OU DE COLABORAÇÃO COM O PODER PÚBLICO, À TÍTULO ONEROSO E SEGUINDO CRITÉRIOS OBJETIVOS DE SELEÇÃO, EM CONFORMIDADE COM A LEGISLAÇÃO VIGENTE.
3626;SERVIÇOS DE ABASTECIMENTO E DISTRIBUIÇÃO DE ÁGUA;DESPESAS COM SERVIÇOS DE ABASTECIMENTO E DISTRIBUIÇÃO DE ÁGUA AOS MUNICÍPIOS POR MEIO DE CAMINHÕES PIPA.
3627;JUÍZES LEIGOS;DESPESAS DECORRENTES DA DESIGNAÇÃO DE JUÍZES LEIGOS NO SISTEMA DOS JUIZADOS ESPECIAIS DA CAPITAL E DO INTERIOR.
3628;SERVICOS TECNICOS JUDICIAIS - HONORARIOS PERICIAIS;DESPESA COM O PAGAMENTO DE HONORÁRIOS PERICIAIS. PARA OS CASOS EM QUE O PAGAMENTO DA PERÍCIA FOR DE RESPONSABILIDADE DE BENEFICIÁRIO DE GRATUIDADE DA JUSTIÇA UTILIZAR OS ELEMENTOS ITEM 36-24 OU 39-82.
3629;DIREITOS AUTORAIS;REGISTRA O VALOR DAS DESPESAS COM DIREITOS AUTORAIS SOBRE OBRAS CIENTÍFICAS, LITERÁRIAS OU EM QUE A DIVULGAÇÃO SEJA DE INTERESSE DO GOVERNO.
3630;SERVIÇOS MÉDICOS PRESTADOS POR CONTRATO;DESPESA COM A PRESTAÇÃO DE SERVIÇOS MÉDICOS REALIZADOS MEDIANTE CONTRATAÇÃO SIMPLIFICADA. DESPESAS RELACIONADAS À PRESTAÇÃO DE SERVIÇOS MÉDICOS REALIZADAS MEDIANTE CONTRATAÇÃO SIMPLIFICADA, DEVERÃO SER ALOCADAS NO ELEMENTO-ITEM 3608 – MÉDICOS. POR SUA VEZ, A CONTRATAÇÃO DE PESSOAL EM SUBSTITUIÇÃO AO QUADRO DA INSTITUIÇÃO CONTRATANTE DEVERÁ SER CLASSIFICADA NO ELEMENTO-ITEM 34-01 – OUTRAS DESPESAS DE PESSOAL DECORRENTES DE TERCEIRIZAÇÃO. 
3631;SERVIÇOS DE TREINAMENTO, CAPACITAÇÃO E APERFEIÇOAMENTO DE PESSOAL;DESPESA COM A CONTRATAÇÃO DE PESSOA FÍSICA SEM VÍNCULO EMPREGATÍCIO COM A ADMINISTRAÇÃO PÚBLICA ESTADUAL, PARA PRESTAR SERVIÇOS DE TREINAMENTO, CAPACITAÇÃO E APERFEIÇOAMENTO DOS SERVIDORES ESTADUAIS.
3632;SERVIÇOS DE SAÚDE – DECISÃO JUDICIAL ;ITEM BLOQUEADO 
3633;DILIGÊNCIAS POLICIAIS E INSUMOS PARA ATIVIDADES DE INTELIGÊNCIA DE CARÁTER RESERVADO;DESPESAS COM AÇÕES E OPERAÇÕES DE INTELIGÊNCIA REALIZADAS POR ÓRGÃOS DE SEGURANÇA PÚBLICA, EM CARÁTER SIGILOSO, CUJA EXECUÇÃO VISE GARANTIR A SEGURANÇA DA SOCIEDADE, DO ESTADO E A INTEGRIDADE FÍSICA DOS SERVIDORES E MILITARES ENVOLVIDOS. A APLICAÇÃO DESSES RECURSOS DEVE OBSERVAR O DECRETO Nº 37.924, DE 16/05/1996, E REGULAMENTAÇÃO ESPECÍFICA INTERNA DA INSTITUIÇÃO. 
3699;OUTRAS DESPESAS PAGAS A PESSOAS FÍSICAS;DESPESAS NÃO CLASSIFICADAS NOS ITENS ANTERIORES.
3701;LOCAÇÃO DE SERVIÇOS DE CONSERVAÇÃO E LIMPEZA;DESPESAS COM PRESTAÇÃO DE SERVIÇOS DE CONSERVAÇÃO, LIMPEZA E HIGIENIZAÇÃO, EXECUTADO POR PESSOA JURÍDICA, MEDIANTE CONTRATO. INCLUI-SE NESTE ITEM O MATERIAL DE LIMPEZA ADQUIRIDO PELA EMPRESA PRESTADORA DO SERVIÇO PARA CUMPRIMENTO DO CONTRATO E DEMAIS ENCARGOS.
3702;LOCAÇÃO DE SERVIÇOS DE APOIO ADMINISTRATIVO;DESPESAS COM PRESTAÇÃO DE SERVIÇOS POR PESSOA JURÍDICA, TAIS COMO VIGILÂNCIA, SECRETÁRIA, RECEPCIONISTA E OUTROS. 
3703;LOCAÇÃO DE SERVIÇOS DE CONSERVAÇÃO E LIMPEZA REALIZADOS PELA MGS;DESPESAS COM O PAGAMENTO À MGS PELA PRESTAÇÃO DE SERVIÇOS DE CONSERVAÇÃO, LIMPEZA E HIGIENIZAÇÃO. INCLUI-SE NESTE ITEM O MATERIAL DE LIMPEZA ADQUIRIDO PELA EMPRESA PRESTADORA DO SERVIÇO PARA CUMPRIMENTO DO CONTRATO E DEMAIS ENCARGOS.
3704;LOCAÇÃO DE SERVIÇOS DE APOIO ADMINISTRATIVO REALIZADOS PELA MGS;DESPESAS COM O PAGAMENTO À MGS PELA PRESTAÇÃO DE SERVIÇOS DE APOIO ADMINISTRATIVO TAIS COMO VIGILÂNCIA, SECRETÁRIA, RECEPCIONISTA E OUTROS.
3705;DESPESAS COM O PAGAMENTO DE ENCARGOS TRABALHISTAS À MGS;DESPESAS COM O PAGAMENTO À MGS DE ENCARGOS TRABALHISTAS, TAIS COMO AFASTAMENTO MATERNIDADE, PROVISÃO PARA RESCISÃO E CUSTO DE REPOSIÇÃO DO PROFISSIONAL E OUTROS.
3706;LOCAÇÃO DE SERVIÇOS DE SAÚDE;DESPESAS COM O PAGAMENTO PELA PRESTAÇÃO DE SERVIÇOS DE SAÚDE TAIS COMO SERVIÇO MÉDICO, DE ENFERMAGEM, TÉCNICO DE ENFERMAGEM E OUTROS. 
3707;DESPESAS COM O PAGAMENTO DE OBRIGAÇÕES TRABALHISTAS ;DESPESAS COM O PAGAMENTO DE OBRIGAÇÕESTRABALHISTAS TAIS COMO SALÁRIOS, VERBAS RESCISÓRIAS E VERBAS INDENIZATÓRIAS. O BENEFICIÁRIO DO GASTO SERÁ A PESSOA FÍSICA. A AUTORIZAÇÃO PARA A REALIZAÇÃO DA DESPESA ESTÁ ESPECIFICADA NO INCISO V DA SÚMULA Nº 331 DO TRIBUNAL SUPERIOR DO TRABALHO – TST.
3708;CONTRATAÇÃO DE ENTIDADE FORMADORA DO ADOLESCENTE / JOVEM APRENDIZ;DESPESAS DECORRENTES DA CONTRATAÇÃO DE ENTIDADE BENEFICENTE DE ASSISTÊNCIA SOCIAL, SEM FINS ECONÔMICOS, DESTINADA À FORMAÇÃO PROFISSIONAL DE ADOLESCENTES E JOVENS APRENDIZES E À PRESTAÇÃO DE SERVIÇOS DE APOIO ADMINISTRATIVO.
3709;DESPESAS COM ENCARGOS TRABALHISTAS À EMPRESA FORMADORA DO ADOLESCENTE;DESPESAS COM O PAGAMENTO À EMPRESA FORMADORA DO ADOLESCENTE DE ENCARGOS TRABALHISTAS, TAIS COMO AFASTAMENTO MATERNIDADE, PROVISÃO PARA RESCISÃO, CUSTO DE REPOSIÇÃO DO PROFISSIONAL E OUTROS.
3801;ARRENDAMENTO MERCANTIL;DESPESAS COM O ARRENDAMENTO MERCANTIL, COM OPÇÃO OU NÃO DE COMPRA DO BEM DE PROPRIEDADE DO ARRENDADOR, OBSERVADA A LEGISLAÇÃO VIGENTE SOBRE ENDIVIDAMENTO PÚBLICO. 
3901;VALE-TRANSPORTE;DESPESAS COM SERVIÇO DE CONTRATAÇÃO DE VALE-TRANSPORTE PELO ÓRGÃO/ENTIDADE PARA FORNECIMENTO AO PESSOAL PRESTADOR DE SERVIÇO, EXCLUSIVAMENTE NO DESEMPENHO DE SUAS ATIVIDADES E AOS BENEFICIÁRIOS DE POLÍTICAS PÚBLICAS. (DESPESAS COM AUXILIO TRANSPORTE PARA MILITARES, SERVIDORES, ESTAGIÁRIOS OU EMPREGADOS DA ADMINISTRAÇÃO PÚBLICA DIRETA E INDIRETA DEVERÃO SER EXECUTADAS NO ELEMENTO DE DESPESA 49).
3902;VALE-REFEIÇÃO;DESPESA COM SERVIÇO DE CONTRATAÇÃO DE VALE-REFEIÇÃO PAGO A QUALQUER INDIVÍDUO, DESDE QUE NÃO SEJA EM DECORRÊNCIA DE RELAÇÃO DE TRABALHO. EX.: VALE-REFEIÇÃO DISTRIBUÍDO PARA OS PARTICIPANTES DE UM EVENTO PROMOVIDO PELA ENTIDADE PÚBLICA, SERVIDORES OU NÃO, UMA VEZ QUE SEU PAGAMENTO NÃO DECORRE DA RELAÇÃO DE TRABALHO. (AS DESPESAS COM AUXILIO ALIMENTAÇÃO PAGAS AOS MILITARES, SERVIDORES, ESTAGIÁRIOS OU EMPREGADOS DA ADMINISTRAÇÃO PÚBLICA DIRETA E INDIRETA DEVERÃO SER EXECUTADAS NO ELEMENTO DE DESPESA 46).
3903;FORNECIMENTO DE ALIMENTAÇÃO;DESPESAS COM REFEIÇÕES E LANCHES PREPARADOS POR PESSOA JURÍDICA 
3904;CONFECÇÃO EM GERAL;DESPESAS COM SERVIÇOS DE CONFECÇÃO OU CONSERVAÇÃO DE PEÇAS DE VESTUÁRIO, CAMA, MESA, BANHO, CORTINAS, MATERIAIS ESPORTIVOS E OUTROS, DESDE QUE O PRÓPRIO ÓRGÃO/ENTIDADE FORNEÇA O MATERIAL.
3905;TRANSPORTE E ACONDICIONAMENTO DE ANIMAIS;DESPESAS COM O TRANSPORTE DE ANIMAIS, BEM COMO DESPESAS DE ACONDICIONAMENTO, ARMAZENAGEM E DESPACHO.
3906;TRANSPORTE E ACONDICIONAMENTO DE MATERIAIS E EQUIPAMENTOS;DESPESAS COM O TRANSPORTE DE MATERIAIS E EQUIPAMENTOS, BEM COMO DESPESAS DE ACONDICIONAMENTO, ARMAZENAGEM, DESPACHO E SERVIÇOS PRESTADOS MOTOBOY, QUANDO REALIZADO POR PESSOA JURÍDICA.
3909;PUBLICIDADE;DESPESAS COM SERVIÇOS DE PUBLICIDADE E PROPAGANDA, PRESTADOS POR PESSOA JURÍDICA, INCLUINDO A GERAÇÃO E A DIVULGAÇÃO POR MEIO DOS VEÍCULOS DE COMUNICAÇÃO QUE VISEM DIFUNDIR IDEIAS, CONCEITOS, ESCLARECIMENTOS CULTURAIS E CIENTÍFICOS OU DE DEFESA DE INTERESSES POLÍTICOS, ECONÔMICOS E SOCIAIS DO ESTADO, BEM COMO AQUELA DESTINADA A PROMOVER A COMERCIALIZAÇÃO DE PRODUTOS E SERVIÇOS.
3910;PRÊMIOS DE SEGUROS;PRÊMIOS PAGOS POR SEGUROS PESSOAIS DE QUALQUER NATUREZA, INCLUSIVE PARA COBERTURA DE DANOS CAUSADOS A PESSOAS OU BENS DE TERCEIROS. PRÊMIOS DE SEGUROS DE BENS DO ESTADO OU DE TERCEIROS. 
3911;ASSINATURAS DE JORNAIS, REVISTAS E PERIÓDICOS;DESPESAS COM AQUISIÇÃO DE JORNAIS, REVISTAS, RECORTES DE PUBLICAÇÕES, BOLETINS E OUTROS, INCLUINDO ASSINATURAS PERMANENTES OU TEMPORÁRIAS.
3912;TARIFA DE ENERGIA ELÉTRICA;PAGAMENTO DE TARIFAS E TAXAS RELATIVAS À UTILIZAÇÃO DOS SERVIÇOS DE ENERGIA ELÉTRICA, BEM COMO PAGAMENTO DE DESPESAS COM SERVIÇOS DE INSTALAÇÃO, REINSTALAÇÃO E AMPLIAÇÃO DAS REDES JÁ EXISTENTES, REALIZADAS POR EMPRESAS DE PRESTAÇÃO DE SERVIÇOS DE UTILIDADE PÚBLICA.
3913;TARIFA DE ÁGUA E ESGOTO;PAGAMENTO DE TARIFAS E TAXAS RELATIVAS À UTILIZAÇÃO DOS SERVIÇOS DE ÁGUA E ESGOTO, BEM COMO O PAGAMENTO DE DESPESAS COM SERVIÇOS DE INSTALAÇÃO, REINSTALAÇÃO E AMPLIAÇÃO DAS REDES JÁ EXISTENTES, REALIZADAS POR EMPRESAS DE PRESTAÇÃO DE SERVIÇOS DE UTILIDADE PÚBLICA.
3914;SERVIÇO DE TELEFONIA;PAGAMENTO DE TARIFAS E TAXAS RELATIVAS À UTILIZAÇÃO DOS SERVIÇOS DE TELEFONIA, QUE NÃO INTEGREM PACOTE DE COMUNICAÇÃO DE DADOS, CONFORME PORTARIA CONJUNTA SOF/STN N°2, DE 30/10/17
3915;SERVIÇO POSTAL-TELEGRÁFICO;PAGAMENTO DE TARIFAS E TAXAS RELATIVAS À UTILIZAÇÃO DE SERVIÇO POSTAL-TELEGRÁFICO.
3916;LOCAÇÃO DE TV POR ASSINATURA;DESPESAS COM LOCAÇÃO DE TV POR ASSINATURA.
3917;LOCAÇÃO DE VEÍCULOS;DESPESAS COM ALUGUEL DE VEÍCULOS PARA EXECUÇÃO DE TRABALHOS QUE NÃO POSSAM SER DESEMPENHADOS ATRAVÉS DE VEÍCULOS INTEGRANTES DA FROTA DO GOVERNO.
3918;REPAROS DE VEÍCULOS;DESPESAS COM REPAROS, RECUPERAÇÃO E MANUTENÇÃO DE VEÍCULOS, PODENDO COMPREENDER MATERIAIS E PEÇAS EMPREGADAS SE ADQUIRIDAS PELO PRESTADOR DE SERVIÇOS E SERVIÇO DE REBOQUE.
3919;LOCAÇÃO DE MÁQUINAS E EQUIPAMENTOS;DESPESAS COM ALUGUEL OU ARRENDAMENTO DE MÁQUINAS E EQUIPAMENTOS.
3920;LOCAÇÃO DE BENS IMÓVEIS;DESPESAS COM CONTRATOS DE ALUGUÉIS OU DE CONCESSÃO DE BENS IMÓVEIS INCLUINDO OS VALORES DEVIDOS A TÍTULO DE RESSARCIMENTO DE TRIBUTOS E OUTRAS DESPESAS PAGAS PELO LOCATÁRIO DIRETAMENTE AO LOCADOR, PREVISTOS EM CLÁUSULA CONTRATUAL.
3921;INSTALAÇÃO, REPARAÇÃO, ADAPTAÇÃO E CONSERVAÇÃO DE EQUIPAMENTO E MATERIAL PERMANENTE;DESPESAS COM INSTALAÇÃO, REPARAÇÃO, ADAPTAÇÃO E CONSERVAÇÃO DE EQUIPAMENTOS E MATERIAL PERMANENTE, COMPREENDENDO O MATERIAL UTILIZADO SE ADQUIRIDAS PELO PRESTADOR DE SERVIÇOS. AS DESPESAS COM REPAROS DE VEÍCULOS DEVEM SER REGISTRADAS NO ELEMENTO-ITEM 3918 -  REPARO DE VEÍCULO.
3922;REPAROS DE BENS IMÓVEIS;DESPESAS COM REPARO, CONSERTO, REVISÃO, PINTURA, REFORMA, ADAPTAÇÃO, RECUPERAÇÃO, BENFEITORIAS E CONSERVAÇÃO DE EDIFICAÇÕES, TERRENOS E OUTROS BENS DE DOMÍNIO PÚBLICO, OU DE TERCEIROS, ALUGADOS OU ARRENDADOS AO ESTADO, OU BENS OBJETO DE POLÍTICAS PÚBLICAS, DESDE QUE NÃO SE CARACTERIZE COMO OBRAS, COMPREENDENDO MATERIAIS UTILIZADOS (EX.: PINTURA, REPAROS E REFORMAS DE IMÓVEIS EM GERAL, REPAROS EM INSTALAÇÕES ELÉTRICAS E HIDRÁULICAS, REPAROS, RECUPERAÇÕES E ADAPTAÇÕES DE BIOMBOS, CARPETES, DIVISÓRIAS E LAMBRIS, MANUTENÇÃO DE ELEVADORES, LIMPEZA DE FOSSA E AFINS).
3923;RECEPÇÕES, HOSPEDAGENS, HOMENAGENS E FESTIVIDADES;DESPESAS COM RECEPÇÃO E HOSPEDAGEM DE PERSONALIDADES ILUSTRES EM VISITA AO ESTADO, INCLUSIVE SERVIDORES PÚBLICOS EM MISSÃO ESPECIAL, COM SOLENIDADES CÍVICAS, INAUGURAÇÕES E OUTRAS FESTIVIDADES, OBSERVADAS AS DETERMINAÇÕES DA LEI Nº 9.122, DE 30/12/85.
3924;CURSOS, EXPOSIÇÕES, CONGRESSOS E CONFERÊNCIAS;DESPESAS COM TAXA DE INSCRIÇÃO, MATERIAL E SIMILARES, DECORRENTES DA PARTICIPAÇÃO DE SERVIDORES EM EXPOSIÇÕES, CONGRESSOS, SEMINÁRIOS, SIMPÓSIOS E CONFERÊNCIAS, PROMOVIDOS PELO ESTADO OU POR TERCEIROS. (AS DESPESAS COM CURSOS DE CAPACITAÇÃO, DE FORMAÇÃO E PÓS-GRADUAÇÃO ESTÃO CONTEMPLADAS NO ELEMENTO 39 – OUTROS SERVIÇOS DE TERCEIROS – PESSOA JURÍDICA, ITENS 48 E 49).
3925;ENCARGOS JUDICIAIS;DESPESAS JUDICIAIS OCORRIDAS DURANTE O ANDAMENTO PROCESSUAL, TAIS COMO CUSTAS PROCESSUAIS/TAXAS JUDICIAIS, MANDADO DE CITAÇÃO, DILIGÊNCIAS DE OFICIAL DE JUSTIÇA E PAGAMENTO DE HONORÁRIOS PERICIAIS REQUISITADAS PELO ÓRGÃO/ENTIDADE, SERVIÇOS DE CARTÓRIO E OUTRAS DESPESAS INERENTES AO PROCESSO JUDICIAL. PARA HONORÁRIOS PERICIAIS, NOS MOLDES DO §3º DO ART. 95 DA LEI FEDERAL N° 13.105, DE 16/03/2015 UTILIZAR OS ELEMENTOS ITENS 36-24 OU 39-82.
3926;ENCARGOS FINANCEIROS;"DESPESAS COM MULTAS, JUROS DE MORA OU ATUALIZAÇÃO MONETÁRIA REFERENTES A PAGAMENTO EFETUADO FORA DO PRAZO OU POR DESCUMPRIMENTO DE OBRIGAÇÕES ACESSÓRIAS, DESDE QUE NÃO CONSTITUAM ENCARGOS DA DÍVIDA PÚBLICA. OS ENCARGOS FINANCEIROS INCIDENTES SOBRE O PAGAMENTO EM ATRASO DA OBRIGAÇÃO PATRONAL DEVERÃO SER APROPRIADOS NO ELEMENTO ITEM 13-14 – OBRIGAÇÃO PATRONAL – ENCARGOS POR PAGAMENTO EM ATRASO – E OS ENCARGOS DECORRENTES DE OBRIGAÇÕES TRIBUTÁRIAS DEVERÃO SER PAGOS NO ELEMENTO 47 - OBRIGAÇÕES TRIBUTÁRIAS E CONTRIBUTIVAS.
"
3928;SERVIÇOS DE SAÚDE EXECUTADOS COM RECURSOS DO SUS;APROPRIAÇÃO DE DESPESAS COM RECURSOS DO SISTEMA ÚNICO DE SAÚDE – SUS, REPASSADOS PELO GOVERNO FEDERAL DIRETAMENTE À ENTIDADE CREDENCIADA. 
3929;SERVIÇOS MÉDICOS, ODONTOLÓGICOS E LABORATORIAIS;DESPESAS COM DIFERENTES TIPOS DE SERVIÇOS DE SAÚDE PRESTADOS POR PESSOA JURÍDICA, TAIS COMO SERVIÇOS MÉDICOS, CLÍNICOS, LABORATORIAIS, ODONTOLÓGICOS, PSICOLÓGICOS, PEDAGÓGICOS, FISIOTERÁPICOS, VETERINÁRIOS, DENTRE OUTROS, MEDIANTE CREDENCIAMENTO, PORTARIAS E OUTRAS FORMAS SIMPLIFICADAS DE CONTRATAÇÃO. AS DESPESAS QUE FOREM REALIZADAS MEDIANTE INSTRUMENTOS NÃO SIMPLIFICADOS DE CONTRATAÇÃO DEVERÃO SER ALOCADAS NO ELEMENTO-ITEM 3998 – SERVIÇOS DE SAÚDE PRESTADOS CONTRATUALMENTE POR PESSOA JURÍDICA.
3930;MULTAS DE TRÂNSITO;"DESPESAS COM O PAGAMENTO DE MULTA APLICADA A VEÍCULO OFICIAL, DE PROPRIEDADE OU EM POSSE DO PODER PÚBLICO, PARA REGULARIZAR SUA DOCUMENTAÇÃO, EM CONFORMIDADE COM O QUE INSTITUIU O CÓDIGO DE TRÂNSITO BRASILEIRO; A RESOLUÇÃO Nº 57, DE 05/11/2008 DA SECRETARIA DE ESTADO DE PLANEJAMENTO E GESTÃO E O CÓDIGO DE AERONÁUTICA."
3931;SERVIÇOS GRÁFICOS;DESPESAS COM PRESTAÇÃO DE SERVIÇOS DE ARTES GRÁFICAS, TAIS COMO SERVIÇOS REPROGRÁFICOS, CONFECÇÃO DE IMPRESSOS EM GERAL, ENCADERNAÇÃO DE LIVROS, JORNAIS E REVISTAS, IMPRESSÃO DE BOLETINS, ENCARTES, FOLDER E ASSEMELHADOS E AFINS. INCLUI O SERVIÇO DE IMPRESSÃO 3D EM QUE O CONTRATADO É TAMBÉM O RESPONSÁVEL PELA CONFECÇÃO DO MODELO TRIDIMENSIONAL E VIRTUAL.  
3933;TAXA DE ADMINISTRAÇÃO;DESPESAS COM O PAGAMENTO DE TAXA DE ADMINISTRAÇÃO, CONFORME LEGISLAÇÃO ESPECIFICA.
3934;SEGURO DE AERONAVES;DESPESAS COM O PAGAMENTO DE SEGURO PARA AERONAVES.
3935;REPARO E MANUTENÇÃO DE AERONAVES;DESPESAS COM A PRESTAÇÃO DE SERVIÇOS PARA MANUTENÇÃO DE AERONAVES, PODENDO COMPREENDER MATERIAIS E PEÇAS EMPREGADAS, SE ADQUIRIDAS PELO PRESTADOR DE SERVIÇO, ALÉM DE DESPESAS COM SERVIÇOS AEROPORTUÁRIOS E DE ATENDIMENTO DE PISTA.
3937;TAXA DE CONDOMÍNIO;DESPESAS COM O PAGAMENTO DE TAXA DE CONDOMÍNIO.
3938;SERVIÇOS DE IMPRESSÃO E ENCADERNAÇÃO;DESPESAS COM A REPRODUÇÃO DE DOCUMENTOS, ENCADERNAÇÃO DE ATOS E DOCUMENTOS OFICIAIS E OUTROS EXECUTADOS PELA  ADMINISTRAÇÃO PÚBLICA ESTADUAL.
3939;SERVIÇOS DE PUBLICAÇÃO E DIVULGAÇÃO;DESPESAS COM A PUBLICAÇÃO E DIVULGAÇÃO DE ATOS E DOCUMENTOS OFICIAIS EM JORNAIS, REVISTAS, FAIXAS E OUTROS MEIOS DE COMUNICAÇÃO PELA ADMINISTRAÇÃO PÚBLICA ESTADUAL.
3941;ANUIDADES, CERTIFICADOS E REGISTROS;DESPESAS COM O PAGAMENTO DE ANUIDADES REFERENTES À FILIAÇÃO EM ENTIDADE DE CLASSE, BEM COMO PELA OBTENÇÃO DE CERTIFICADOS E REGISTROS NECESSÁRIOS AO DESENVOLVIMENTO DAS ATIVIDADES DOS ÓRGÃOS/ENTIDADES.
3942;SERVIÇOS GRÁFICOS DE SEGURANÇA;DESPESAS COM PRESTAÇÃO DE SERVIÇOS PARA CONFECÇÃO DE IMPRESSOS DE SEGURANÇA PARA DOCUMENTOS. EXEMPLO: CARTEIRA DE HABILITAÇÃO, CARTEIRA DE IDENTIDADE, SELOS DE SEGURANÇA.
3943;SERVIÇOS DE ADMINISTRAÇÃO E GERENCIAMENTO DE FROTA DE VEÍCULOS;DESPESAS COM O GERENCIAMENTO DE FROTA, CONSIDERANDO A MANUTENÇÃO PREVENTIVA E CORRETIVA DE VEÍCULOS.
3944;SERVIÇO DE BANCÁRIOS;DESPESAS COM OS SERVIÇOS E OPERAÇÕES PRESTADOS POR BANCOS E OUTRAS INSTITUIÇÕES FINANCEIRAS.
3946;PARCERIA COM ORGANIZAÇÃO DA SOCIEDADE CIVIL - OSC - E TERMO DE PARCERIA COM ORGANIZAÇÃO DA SOCIEDADE CIVIL DE INTERESSE PÚBL/ICO - OSCIP ;DESPESAS DECORRENTES DA CELEBRAÇÃO DE PARCERIAS COM ORGANIZAÇÕES DA SOCIEDADE CIVIL DE INTERESSE PÚBLICO – OSCIP – CONFORME TERMO DE PARCERIA FIRMADO COM ENTIDADE QUALIFICADA NOS TERMOS DA LEI ESTADUAL Nº 23.081, DE 10 DE AGOSTO DE 2018. 
3947;TAXA DE ADMINISTRAÇÃO DE CRÉDITO DE FINANCIAMENTOS HABITACIONAIS;DESPESAS COM TAXA DE ADMINISTRAÇÃO DE CRÉDITO DEVIDA PELO FUNDO ESTADUAL DE HABITAÇÃO AO SEU AGENTE FINANCEIRO, EM DECORRÊNCIA DOS FINANCIAMENTOS CONCEDIDOS NO ÂMBITO DA POLÍTICA HABITACIONAL ESTADUAL, CONFORME §1º DO ART. 12 DO DECRETO Nº 44.245, DE 22/02/2006 E INCISO II DO §1º DO ART. 9º DO DECRETO Nº 44.168 DE 06/12/2005.
3948;CURSOS DE FORMAÇÃO, CAPACITAÇÃO E PÓS-GRADUAÇÃO PARA SERVIDORES;DESPESAS COM MATRÍCULA, MENSALIDADE, MATERIAL E DEMAIS DESPESAS QUE POSSAM SER LEGALMENTE REALIZADAS PELO ESTADO, NOS TERMOS DA REGULAMENTAÇÃO VIGENTE, DECORRENTES DA PARTICIPAÇÃO DE SERVIDORES EM CURSOS DE FORMAÇÃO, CAPACITAÇÃO E PÓS-GRADUAÇÃO (LATO E STRICTU SENSU). 
3949;CURSOS DE FORMAÇÃO E CAPACITAÇÃO PARA O CIDADÃO;DESPESAS COM CONTRATAÇÕES DE CURSOS, OFICINAS, SEMINÁRIOS DE FORMAÇÃO E CAPACITAÇÃO FORNECIDOS PELO ESTADO ABERTOS AO PÚBLICO OU PARA GRUPOS DETERMINADOS QUANDO OBJETO DE POLÍTICA PÚBLICA ESPECÍFICA.  (EX.: CURSOS REALIZADOS COM RECURSOS DO FAT)
3950;SERVIÇOS DE AGENCIAMENTO DE VIAGENS;DESPESAS COM SERVIÇOS DE CONTRATAÇÃO DE AGENCIAMENTO DE VIAGENS REALIZADO NOS TERMOS DOS INCISOS II E III ART. 47 DO DECRETO 47.045, DE 14/09/2016 (AS DESPESAS COM SERVIÇO DE AGENCIAMENTO DE PASSAGENS E AS DESPESAS COM LOCOMOÇÃO DEVEM SER CLASSIFICADAS NO ELEMENTO 33).
3951;SERVIÇO DE GERENCIAMENTO, SUPERVISÃO E FISCALIZAÇÃO DE OBRAS;DESPESAS DECORRENTES DA CONTRATAÇÃO DE SERVIÇOS DE GERENCIAMENTO, SUPERVISÃO E FISCALIZAÇÃO DE OBRAS. 
3952;CONTRATAÇÃO DE ESTAGIÁRIOS;DESPESAS COM A CONTRATAÇÃO DE ESTAGIÁRIOS REALIZADA POR TERCEIROS (INSTITUIÇÕES DE ENSINO, PELO CENTRO DE INTEGRAÇÃO EMPRESA- ESCOLA – CIEE OU POR OUTRA ENTIDADE QUE POSSA SER INTERVENIENTE NA CONTRATAÇÃO). 
3953;CURSOS DE FORMAÇÃO E CAPACITAÇÃO PROMOVIDOS PELO ESTADO;DESPESAS COM A PRESTAÇÃO DE SERVIÇOS DE CAPACITAÇÃO PARA SERVIDORES PÚBLICOS, POR MEIO DE CURSOS FECHADOS, CONTRATADOS PELO ESTADO PARA A REALIZAÇÃO DE CURSOS DE FORMAÇÃO, CAPACITAÇÃO E PÓS-GRADUAÇÃO (LATO E STRICTU SENSU), INCLUINDO DESPESAS COM A PRESTAÇÃO DE SERVIÇOS DE ORGANIZAÇÃO, COORDENAÇÃO E EXECUÇÃO DE EVENTOS DE FORMAÇÃO PROFISSIONAL OU DE CARÁTER TÉCNICO.
3954;CONTRATO DE PARCERIA PÚBLICO-PRIVADA;DESPESAS DECORRENTES DA PRESTAÇÃO DE SERVIÇOS POR MEIO DAS PARCERIAS PÚBLICO-PRIVADAS CONFORME CONTRATO CELEBRADO NOS TERMOS DA LEI FEDERAL Nº 11.079, DE 30 DE DEZEMBRO DE 2004.
3955;EVENTOS DE COMUNICAÇÃO INSTITUCIONAL;DESPESAS COM CONTRATAÇÃO DE EMPRESA ESPECIALIZADA NA PRESTAÇÃO DE SERVIÇOS DE ORGANIZAÇÃO, COORDENAÇÃO E EXECUÇÃO DE EVENTOS DE NATUREZA CÍVICA, DE AÇÕES INSTITUCIONAIS, DE PROMOÇÃO E DE DIVULGAÇÃO DE PROGRAMAS, ATOS, FATOS E SERVIÇOS DO GOVERNO DO ESTADO DE MINAS GERAIS.
3956;SERVIÇOS DE PESQUISAS;DESPESAS COM A CONTRATAÇÃO DE PESQUISAS QUE VISAM SUBSIDIAR A ELABORAÇÃO, MONITORAMENTO E AVALIAÇÃO DAS POLÍTICAS PÚBLICAS.
3957;COMISSÃO PELA CONSTRUÇÃO DE UNIDADES HABITACIONAIS;DESPESAS COM A COMISSÃO DEVIDA PELO FUNDO ESTADUAL DE HABITAÇÃO AO SEU AGENTE FINANCEIRO, EM DECORRÊNCIA DA CONSTRUÇÃO DE UNIDADES HABITACIONAIS, CONFORME INCISO I DO §1º DO ART. 9º DO DECRETO Nº 44.168, DE 06/12/2005.
3958;CONTRATAÇÃO DE PROJETOS EM PESQUISA DE CIÊNCIA, INOVAÇÃO E TECNOLOGIA;DESPESAS RELACIONADAS À CONTRATAÇÃO OU FOMENTO DE PROJETOS DE PESQUISA NO SETOR DE CIÊNCIA, TECNOLOGIA E INOVAÇÃO.
3959;SERVIÇOS SANITÁRIOS E TRATAMENTO DE RESÍDUOS;DESPESAS COM COLETA, INCINERAÇÃO, TRATAMENTO, TRANSPORTE E/OU SELEÇÃO DE LIXO (RECICLÁVEL, HOSPITALAR, ENTRE OUTROS), RESÍDUOS SÓLIDOS E/OU EFLUENTES QUÍMICOS.
3960;SERVIÇOS DE ATENDIMENTO AO CIDADÃO;DESPESAS COM CONTRATAÇÃO DE SERVIÇOS DE ATENDIMENTO AO CIDADÃO SOB A FORMA DE ATENDIMENTO DIRETO (PESSOAL) OU ATENDIMENTO TELEFÔNICO. (EX.: SERVIÇOS DE CALL CENTER E DOS POSTOS UAI).
3961;SERVIÇOS DE CONSERVAÇÃO E LIMPEZA;DESPESAS COM SERVIÇOS DE LIMPEZA, LAVANDERIA, HIGIENIZAÇÃO, CONSERVAÇÃO E ASSEIO DOS ÓRGÃOS PÚBLICOS. ESTE ITEM DEVE SER UTILIZADO APENAS NOS CASOS EM QUE O CONTRATO NÃO ESPECIFIQUE O QUANTITATIVO FÍSICO DE PESSOAL A SER UTILIZADO. NOS DEMAIS CASOS, DEVE SER UTILIZADO O ITEM 37-01 – LOCAÇÃO DE SERVIÇOS DE CONSERVAÇÃO E LIMPEZA OU O 37-03 – LOCAÇÃO DE SERVIÇOS DE CONSERVAÇÃO E LIMPEZA REALIZADOS PELA MGS.
3962;SERVIÇOS DE VIGILÂNCIA OSTENSIVA;DESPESAS COM SERVIÇOS DE VIGILÂNCIA E SEGURANÇA DE REPARTIÇÕES PÚBLICAS, DE AUTORIDADES. ESTE ITEM DEVE SER UTILIZADO APENAS NOS CASOS EM QUE O CONTRATO NÃO ESPECIFIQUE O QUANTITATIVO FÍSICO DE PESSOAL A SER UTILIZADO. CASO HAJA ESPECIFICAÇÃO, DEVE SER UTILIZADO O ITEM 37-02 – LOCAÇÃO DE SERVIÇOS DE APOIO ADMINISTRATIVO. E CASO SEJA MGS, DEVE SER UTILIZADO ITEM 37-04 – LOCAÇÃO DE SERVIÇOS DE APOIO ADMINISTRATIVO REALIZADOS PELA MGS.
3963;SERVIÇOS DE LEVANTAMENTO E CADASTRAMENTO PARA EXECUÇÃO DE POLÍTICAS PÚBLICAS;DESPESAS COM SERVIÇOS DE LEVANTAMENTO E CADASTRAMENTO PARA EXECUÇÃO DE POLÍTICAS PÚBLICAS, COMPREENDENDO, DENTRE OUTROS, O CADASTRAMENTO DE BENEFICIÁRIOS E/OU USUFRUTUÁRIOS E/OU IMÓVEIS DEVOLUTOS URBANOS E RURAIS PARA PROGRAMAS DE REGULARIZAÇÃO FUNDIÁRIA.
3964;SERVIÇOS DE MAPEAMENTO E GEORREFERENCIAMENTO;DESPESAS COM SERVIÇOS DE MAPEAMENTO E GEORREFERENCIAMENTO EM GERAL, TAIS COMO AEROLEVANTAMENTO, PRODUÇÃO DE ORTOFOTOS, SERVIÇOS DE ENGENHARIA DE FOTOGRAMETRIA, E OUTROS GEO-SERVIÇOS, MEDIÇÃO DE TERRENOS, ESTUDOS, PROJETOS E LEVANTAMENTOS TOPOGRÁFICOS.
3965;SERVIÇOS DE PRODUÇÃO E LOGÍSTICA DE MEDICAMENTOS;DESPESAS COM SERVIÇOS DE PRODUÇÃO, MANIPULAÇÃO, COMPRESSÃO, REVESTIMENTO, ACONDICIONAMENTO, EMBALAGEM E TRANSPORTE DE MEDICAMENTOS OU MATÉRIAS-PRIMAS, INCLUINDO DESPESAS COM DESEMBARAÇO ADUANEIRO.
3966;SERVIÇOS DE ABASTECIMENTO E DISTRIBUIÇÃO DE ÁGUA;DESPESAS COM SERVIÇOS DE ABASTECIMENTO E DISTRIBUIÇÃO DE ÁGUA AOS MUNICÍPIOS POR MEIO DE CAMINHÕES PIPA.
3967;ADMINISTRAÇÃO DE BENS E DIREITOS DO ESTADO POR TERCEIROS;DESPESAS COM SERVIÇOS DE ADMINISTRAÇÃO DE BENS E DIREITOS DO ESTADO POR TERCEIROS, ESPECIALMENTE AQUELAS RELACIONADAS À GESTÃO DOS ATIVOS REMANESCENTES DO PROCESSO DE PRIVATIZAÇÃO E EXTINÇÃO DE BANCOS ESTADUAIS.
3968;SERVIÇOS DE IMPRENSA;DESPESAS COM A CONTRATAÇÃO DE EMPRESA ESPECIALIZADA NA PRESTAÇÃO DE SERVIÇOS DE PRODUÇÃO E DIVULGAÇÃO DE MATERIAL JORNALÍSTICO, MONITORAMENTO DE RESULTADOS, PRODUÇÃO DE TEXTOS E ATENDIMENTO AOS VEÍCULOS JORNALÍSTICOS.
3969;CONTRATOS DE ENERGIA ELÉTRICA;PAGAMENTO DE TARIFAS, TAXAS E PRESTAÇÃO DE SERVIÇOS, OBJETO DE CONTRATOS FIRMADOS COM A CONCESSIONÁRIA DE SERVIÇOS DE ENERGIA ELÉTRICA.
3971;SERVIÇOS TECNICOS DE IMPLANTAÇÃO, GESTÃO E ADMINISTRAÇÃO DE SISTEMAS DE VIGILÂNCIA DE OBSERVAÇÃO;DESPESAS COM SERVIÇOS TÉCNICOS DE IMPLANTAÇÃO, GESTÃO E ADMINISTRAÇÃO DE SISTEMAS DE VIGILÂNCIA E DE CONTROLE DE VELOCIDADE, INCLUSIVE DO SISTEMA DE OBSERVAÇÃO ELETRÔNICA DE INGRESSOS NO SISTEMA PRISIONAL, VIDEOMONITORAMENTO, RADARES, ENTRE OUTROS.
3972;CONTRATOS DE ABASTECIMENTO DE ÁGUA E COLETA E TRATAMENTO DE ESGOTO;PAGAMENTO DE TARIFAS E TAXAS RELATIVAS À UTILIZAÇÃO DOS SERVIÇOS DE ÁGUA E ESGOTO, BEM COMO O PAGAMENTO DE DESPESAS COM SERVIÇOS DE INSTALAÇÃO, REINSTALAÇÃO E AMPLIAÇÃO DAS REDES JÁ EXISTENTES, OBJETO DE CONTRATOS FIRMADOS COM A CONCESSIONÁRIA DE ABASTECIMENTO DE ÁGUA E COLETA E TRATAMENTO DE ESGOTO.
3973;SERVIÇO DE ENGENHARIA PARA  OPERAÇÃO DE BENS DE DOMÍNIO PÚBLICO;DESPESAS COM SERVIÇO DE ENGENHARIA PARA MONITORAMENTO, OPERAÇÃO E MANUTENÇÃO DE BENS PÚBLICOS, TAIS COMO BARRAGENS, RESERVATÓRIOS, DESDE QUE NÃO SEJAM CARACTERIZADOS COMO OBRA (ELEMENTO 51) OU LOCAÇÃO DE MÃO-DE-OBRA (ELEMENTO 37).
3974;SERVIÇO DE REALIZAÇÃO DE CONCURSO PÚBLICO E PROCESSO SELETIVO SIMPLIFICADO;DESPESAS COM A CONTRATAÇÃO DE SERVIÇO PARA A ORGANIZAÇÃO, OPERACIONALIZAÇÃO E LOGÍSTICA DE CONCURSO PÚBLICO OU PROCESSO SELETIVO SIMPLIFICADO, INCLUINDO AS DESPESAS COM A REALIZAÇÃO DAS ETAPAS ELIMINATÓRIAS E CLASSIFICATÓRIAS DO PROCESSO DE RECRUTAMENTO E SELEÇÃO.
3975;SERVIÇO DE GERENCIAMENTO, SUPERVISÃO E FISCALIZAÇÃO DE SERVIÇOS CONTRATADOS;DESPESAS COM SERVIÇO DE GERENCIAMENTO, SUPERVISÃO, FISCALIZAÇÃO E AVALIAÇÃO, INCLUSIVE VERIFICAÇÕES INDEPENDENTES, DE SERVIÇOS CONTRATADOS, PPPS E CONCESSÕES COMUNS, EXCETO CONTRATOS RELACIONADOS A OBRAS, QUE DEVERÃO SER CLASSIFICADOS NO ELEMENTO ITEM 39-51
3976;SERVIÇO DE REMOÇÃO E TRANSPORTE DE CADÁVERES;DESPESAS COM A PRESTAÇÃO DE SERVIÇOS DE REMOÇÃO E TRANSPORTE DE CADÁVERES PELO SISTEMA DE DEFESA SOCIAL. NÃO SE INCLUEM NESSE ITEM DESPESA COM AUXÍLIO-FUNERAL, QUE DEVERÁ SER CLASSIFICADA NO ELEMENTO-ITEM 08-02, NEM SERVIÇOS FUNERÁRIOS.
3977;PATROCÍNIO;DESPESAS DECORRENTES DE AÇÕES DE PATROCÍNIO DA ADMINISTRAÇÃO PÚBLICA MEDIANTE APOIO FINANCEIRO CONCEDIDO A PROJETOS DE INICIATIVA DE TERCEIROS, COM O OBJETIVO DE DIVULGAR A ATUAÇÃO, FORTALECER CONCEITO, AGREGAR VALOR À MARCA, INCREMENTAR VENDAS, GERAR RECONHECIMENTO, ESTIMULAR E INDUZIR O DESENVOLVIMENTO ECONÔMICO-SOCIAL OU ESTABELECER E AMPLIAR RELACIONAMENTO DO PATROCINADOR COM SEUS PÚBLICOS DE INTERESSE.
3978;SERVIÇOS DE APOIO ADMINISTRATIVO;DESPESAS COM A PRESTAÇÃO DE SERVIÇOS DE APOIO ADMINISTRATIVO, TAIS COMO SECRETARIADO, RECEPÇÃO, CONSERVAÇÃO E GUARDA DE DOCUMENTOS PÚBLICOS, DENTRE OUTROS. ESTE ITEM DEVE SER UTILIZADO APENAS NOS CASOS EM QUE O CONTRATO NÃO ESPECIFICAR O QUANTITATIVO FÍSICO DE PESSOAL A SER UTILIZADO. NOS DEMAIS CASO, DEVE SER UTILIZADO O ITEM 37-02 - LOCAÇÃO DE SERVIÇOS DE APOIO ADMINISTRATIVO OU O 37-04 - LOCAÇÃO DE SERVIÇOS DE APOIO ADMINISTRATIVO REALIZADOS PELA MGS.
3981;SERVIÇOS DE ELABORAÇÃO DE ESTUDOS PRÉVIOS;"DESPESAS COM A ELABORAÇÃO DE PROJETOS DE CONCESSÃO E PARCERIAS, ABRANGENDO ESTUDOS TÉCNICOS, DE ENGENHARIA, AMBIENTAL, REGULATÓRIO, JURÍDICO, DE VIABILIDADE, ENTRE OUTROS. AS DESPESAS COM A REALIZAÇÃO DE ESTUDOS E PROJETOS ESPECÍFICOS E NECESSÁRIOS À REALIZAÇÃO DE OBRAS CONTRATADAS DEVEM SER ALOCADAS NO ELEMENTO 51 – OBRAS E INSTALAÇÕES.
"
3982;SERVIÇOS TÉCNICOS JUDICIAIS ? HONORÁRIOS JUDICIAIS;DESPESA COM O PAGAMENTO DE HONORÁRIOS PERICIAIS, QUANDO O PAGAMENTO DA PERÍCIA FOR DE RESPONSABILIDADE DE BENEFICIÁRIO DE GRATUIDADE DA JUSTIÇA, NOS TERMOS DA RESOLUÇÃO DE Nº127 DO CONSELHO NACIONAL DE JUSTIÇA E DO §3º DO ART.95 DA LEI FEDERAL Nº 13.105, DE 16/03/2015.
3983;SERVIÇOS DE REALIZAÇÃO DE PROCESSO DE CERTIFICAÇÃO OCUPACIONAL;CERTIFICAÇÃO OCUPACIONAL PARA OCUPAR CARGOS DE DIREÇÃO NO ÂMBITO DA ADMINISTRAÇÃO PÚBLICA.
3984;REMUNERAÇÃO PAGA PELO PODER EXECUTIVO AO TRIBUNAL DE JUSTIÇA DO ESTADO DE MINAS GERAIS REFERENTE AOS DEPÓSITOS JUDICIAIS LEI 21.720/2015;REMUNERAÇÃO PAGA PELO PODER EXECUTIVO AO TJMG, NO PERCENTUAL DE 0,3% DO SALDO ATUALIZADO APURADO, NA FORMA DO ART. 4º DA LEI 21.720, DE 14/07/2015 – VALOR TOTAL DOS DEPÓSITOS JUDICIAIS EXISTENTES NA DATA DA PRIMEIRA TRANSFERÊNCIA AO PODER EXECUTIVO COM OS DEPÓSITOS POSTERIORMENTE REALIZADOS, ATUALIZADA COM BASE NO ÍNDICE ACORDADO ENTRE O TJMG E A INSTITUIÇÃO FINANCEIRA CUSTODIANTE, DEDUZIDOS OS PAGAMENTOS E RESTITUIÇÕES REALIZADAS.
3985;SERVIÇOS DE DESLOCAMENTO OU REMOÇÃO DE POSTES E REDE ELÉTRICA;DESPESAS DECORRENTES DA PRESTAÇÃO DE SERVIÇOS DE DESLOCAMENTO OU REMOÇÃO DE POSTES OU DE REDES ELÉTRICAS, NOS MOLDES DA RESOLUÇÃO NORMATIVA Nº 414, DE 9/09/2010 DA AGÊNCIA NACIONAL DE ENERGIA ELÉTRICA – ANEEL E SUAS ATUALIZAÇÕES. 
3986;DIREITOS AUTORAIS;REGISTRA O VALOR DAS DESPESAS COM DIREITOS AUTORAIS SOBRE OBRAS CIENTÍFICAS, LITERÁRIAS OU EM QUE A DIVULGAÇÃO SEJA DE INTERESSE DO GOVERNO.
3987;SERVIÇOS DE GERENCIAMENTO E FORNECIMENTO DE COMBUSTÍVEL;DESPESAS DE GERENCIAMENTO E FORNECIMENTO DE COMBUSTÍVEIS ATRAVÉS DE SISTEMA ELETRÔNICO DE CONTROLE DE ABASTECIMENTO E CARTÃO MAGNÉTICO EM REDE CREDENCIADA DE ABASTECIMENTO.
3988;MULTA POR ATO INFRACIONAL;REGISTRA O VALOR DA DESPESA COM MULTA GERADA EM RAZÃO DO DESCUMPRIMENTO DE LEGISLAÇÃO VIGENTE, TAIS COMO MULTAS DE CONSELHOS DE CLASSE, INFRAÇÕES DE CÓDIGO POSTURA, DENTRE OUTROS. MULTAS ASSOCIADAS AO DESCUMPRIMENTO DE LEGISLAÇÃO TRIBUTÁRIA DEVEM SER PAGAS NO ELEMENTO DE DESPESA 47 - OBRIGAÇÕES TRIBUTÁRIAS E CONTRIBUTIVAS. JÁ AS MULTAS REFERENTES A PAGAMENTO FORA DO PRAZO OU POR DESCUMPRIMENTO DE OBRIGAÇÕES ACESSÓRIAS DEVEM SER PAGAS NO ITEM 39-26 - ENCARGOS FINANCEIROS, EXCETO AS QUE SE CONSTITUAM EM ENCARGOS DA DÍVIDA PÚBLICA E OS ENCARGOS RESULTANTES DO PAGAMENTO COM ATRASO DAS CONTRIBUIÇÕES DE QUE TRATA  ELEMENTO 13 - OBRIGAÇÕES PATRONAIS QUE SÃO CLASSIFICADOS EM ITENS PRÓPRIOS.
3989;LOCAÇÃO OU FRETAMENTO DE AERONAVE;LOCAÇÃO OU FRETAMENTO DE AERONAVE
3990;CURSOS DE FORMAÇÃO, CAPACITAÇÃO E TREINAMENTO DE TRIPULANTES DE AERONAVES;CURSOS DE FORMAÇÃO, CAPACITAÇÃO E TREINAMENTO DE TRIPULANTES DE AERONAVES
3991;CONTRATAÇÃO PARA PRESTAÇÃO DE SERVIÇO POR CREDENCIADOS;DESPESAS ORIUNDAS DO REGIME DE CREDENCIAMENTO, ENTENDIDO COMO O ATO OU CONTRATO FORMAL PELO QUAL A ADMINISTRAÇÃO PÚBLICA CONFERE A UM PARTICULAR A PRERROGATIVA DE EXERCER CERTAS ATIVIDADES MATERIAIS OU TÉCNICAS, EM CARÁTER INSTRUMENTAL OU DE COLABORAÇÃO COM O PODER PÚBLICO, À TÍTULO ONEROSO E SEGUINDO CRITÉRIOS OBJETIVOS DE SELEÇÃO, EM CONFORMIDADE COM A LEGISLAÇÃO VIGENTE.
3993;APOIO A PROJETOS DE INCENTIVO À INOVAÇÃO E À PESQUISA CIENTÍFICA E TECNOLÓGICA, À CAPACITAÇÃO TECNOLÓGICA E AO ALCANCE DA AUTONOMIA TECNOLÓGICA;ACOBERTAR DESPESAS COM O DESENVOLVIMENTO DE ATIVIDADES DE PESQUISA E DESENVOLVIMENTO, QUE VISEM À GERAÇÃO DE PRODUTOS, PROCESSOS E SERVIÇOS INOVADORES E À TRANSFERÊNCIA E DIFUSÃO DE TECNOLOGIA, COMO FORMA DE INCENTIVAR O DESENVOLVIMENTO TECNOLÓGICO ATRAVÉS DOS INSTRUMENTOS JURÍDICOS PREVISTOS NO DECRETO ESTADUAL DE NÚMERO 47.442 DE 04 DE JULHO 2018.
3994;CAPACITAÇÃO RELACIONADA AS ATIVIDADES DE AVIAÇÃO;DESPESAS COM A PRESTAÇÃO DE SERVIÇOS DE CAPACITAÇÃO, POR MEIO DE CURSOS FECHADOS, CONTRATADOS PELO ESTADO, PARA A REALIZAÇÃO DE CURSOS DE FORMAÇÃO, CAPACITAÇÃO, PÓS-GRADUAÇÃO (LATO E STRICTU SENSU) OU TREINAMENTOS ESPECÍFICOS, INCLUINDO DESPESAS COM A PRESTAÇÃO DE SERVIÇOS DE ORGANIZAÇÃO, COORDENAÇÃO E EXECUÇÃO DE EVENTOS DE FORMAÇÃO PROFISSIONAL OU DE CARÁTER TÉCNICO, DESTINADOS A TODOS OS PROFISSIONAIS QUE EXERÇAM FUNÇÃO A BORDO, COMO PILOTOS, ENGENHEIROS, MECÂNICOS DE VOO E OPERADORES DE EQUIPAMENTOS ESPECIAIS, BEM COMO AOS TÉCNICOS DE APOIO DE SOLO QUE PRESTAM O SUPORTE NECESSÁRIO À EXECUÇÃO DA ATIVIDADE AÉREA
3995;SERVIÇOS NOTARI AIS E DE REGISTRO;COMPREENDE AS DESPESAS COM OS SERVIÇOS NOTA RIAIS E DE REGISTRO PRESTADOS PELOS CARTÓRIOS EXTRAJUDICIAIS. AS DESPESAS NOTARIAIS E DE REGISTRO DE CARÁTER JUDICIAL DEVEM SER REGISTRADAS NO ELEMENTO-ITEM 3925.
3996;TRANSFERÊNCIA ONEROSA DA POSSE DE BENS IMÓVEIS DE PROPRIEDADE DO ESTADO DE MINAS GERAIS                                                 ;"DESPESAS DECORRENTES DA UTILIZAÇÃO DE BENS IMÓVEIS ESTADUAIS PELOS ÓRGÃOS DA ADMINISTRAÇÃO DIRETA DO PODER EXECUTIVO, ÓRGÃOS AUTÔNOMOS E ENTIDADES DA ADMINISTRAÇÃO INDIRETA, EM CUMPRIMENTO AO DISPOSTO NA LEI ESTADUAL Nº 22.606, DE 20 E JULHO DE 2017, E AO DECRETO ESTADUAL N.º 47.796, DE 19 DE DEZEMBRO DE 2019.
"
3997;HONORÁRIOS ADVOCATÍCIOS – ACORDOS EXTRAJUDICIAIS;DESPESAS COM O PAGAMENTO DE HONORÁRIOS ADVOCATÍCIOS SUCUMBENCIAIS PROVENIENTES DE ACORDOS EXTRAJUDICIAIS. 
3998;SERVIÇOS DE SAÚDE PRESTADOS POR CONTRATO;DESPESAS RELACIONADAS À PRESTAÇÃO DE DIFERENTES TIPOS DE SERVIÇOS DE SAÚDE POR MEIO DE CONTRATO, TAIS COMO: SERVIÇOS MÉDICOS, CLÍNICOS, LABORATORIAIS, ODONTOLÓGICOS, PSICOLÓGICOS, PEDAGÓGICOS, FISIOTERÁPICOS, VETERINÁRIOS, DENTRE OUTROS. AS DESPESAS QUE FOREM REALIZADAS MEDIANTE CREDENCIAMENTO, PORTARIAS E OUTRAS FORMAS SIMPLIFICADAS DE CONTRATAÇÃO DEVERÃO SER ALOCADAS NO ELEMENTO-ITEM 3929 – SERVIÇOS DE SAÚDE PRESTADOS POR PESSOA JURÍDICA.
3999;OUTROS SERVIÇOS-PESSOA JURÍDICA;SERVIÇOS E ENCARGOS NÃO CLASSIFICÁVEIS NOS ITENS ANTERIORES. 
4002;SERVIÇOS DE TECNOLOGIA DA INFORMAÇÃO;"DESPESAS COM PRESTAÇÃO DE SERVIÇOS DE TECNOLOGIA DA INFORMAÇÃO (TI); LOCAÇÃO DAS LICENÇAS DE SOFTWARE; MANUTENÇÕES CORRETIVA, PREVENTIVA E ADAPTATIVA DE SOFTWARE EM DEMANDAS SEM NECESSIDADE DE ALTERAÇÃO EM REQUISITOS FUNCIONAIS; HOSPEDAGEM DE SISTEMAS DE INFORMAÇÃO; SEGURO; LOCAÇÃO DE EQUIPAMENTOS; ADMINISTRAÇÃO DE REDE LOCAL; CONTRATAÇÃO DE CENTRAL DE SERVIÇOS (SERVICE DESK); SEGURANÇA DA INFORMAÇÃO; SERVIÇOS DE COMPUTAÇÃO GRÁFICA; CERTIFICAÇÃO DIGITAL. INCLUI-SE A DESPESA COM REPARO, MANUTENÇÃO, MELHORIA, SUPORTE E RECUPERAÇÃO DE EQUIPAMENTOS. PARA AS LICENÇAS DE USO DE SOFTWARE ADQUIRIDAS NESTE ITEM TEREMOS A NATUREZA DE DESPESA 3.3.XX.40.02. EXCLUEM-SE DESTE ITEM OS SERVIÇOS PRESTADOS PELA PRODEMGE, CLASSIFICADOS EM ITEM PRÓPRIO (40-03). "
4003;SERVIÇOS DE INFORMÁTICA EXECUTADOS PELA PRODEMGE;DESPESAS COM O PAGAMENTO À PRODEMGE PELA PRESTAÇÃO DE SERVIÇOS DE PROCESSAMENTO DE DADOS, INCLUINDO MANUTENÇÃO DE SOFTWARE, SEGURO, ALUGUEL DE EQUIPAMENTOS, PAGAMENTO DE MENSALIDADE PELO ACESSO À INTERNET, DESPESA COM REPARO, MANUTENÇÃO E RECUPERAÇÃO DE EQUIPAMENTOS, SERVIÇOS DE INFRAESTRUTURA E REDE DE TELECOMUNICAÇÕES, DISPONIBILIZAÇÃO DE SOLUÇÕES CORPORATIVAS. AS DESPESAS COM AQUISIÇÃO, DESENVOLVIMENTO E MANUTENÇÃO EVOLUTIVA DE SOFTWARES SERÃO REGISTRADAS NO ITEM 40.03 APENAS PARA OS CONTRATOS VIGENTES. PARA NOVOS CONTRATOS, REGISTRAR AS DESPESAS COM AQUISIÇÃO, DESENVOLVIMENTO E MANUTENÇÃO EVOLUTIVA DE SOFTWARES NO ITEM DE DESPESA 4007 - AQUISIÇÃO DE SOFTWARE DESENVOLVIDOS PELA PRODEMGE.
4004;SERVIÇO DE TELECOMUNICAÇÃO;DESPESAS REFERENTES À TRANSMISSÃO, EMISSÃO OU RECEPÇÃO DE DADOS, CONFORME CONTRATOS FIRMADOS COM PESSOAS JURÍDICAS. INCLUEM-SE NESTE ITEM AS DESPESAS RELATIVAS À PRESTAÇÃO DE SERVIÇOS DE TELEFONIA FIXA, MÓVEL E REDE CORPORATIVA, QUE INTEGREM PACOTE DE COMUNICAÇÃO DE DADOS E SEJAM CONTRATADOS MEDIANTE LICITAÇÃO. INCLUI-SE TAMBÉM NESTE ITEM A MENSALIDADE PAGA AOS PROVEDORES PELO ACESSO À INTERNET.
4005;REDE IP MULTISSERVIÇOS;DESPESAS COM O PAGAMENTO DE SERVIÇOS DE DADOS, VOZ E VÍDEO, PRESTADOS AOS ÓRGÃOS, ATRAVÉS DO CONTRATO DA REDE IP - INTERNET PROTOCOL.
4006;AQUISIÇÃO DE SOFTWARE;DESPESAS COM AQUISIÇÃO DE SOFTWARES PRONTOS JUNTO A TERCEIROS. NESTE ITEM HAVERÁ REGISTRO NO ATIVO DO ESTADO E A DEVIDA AMORTIZAÇÃO DO MESMO AO LONGO DE SUA VIDA ÚTIL. A NATUREZA DE DESPESA NESSE CASO É A 4.4.XX.40.06.
4007;AQUISIÇÃO DE SOFTWARES DESENVOLVIDOS PELA PRODEMGE;DESPESAS COM AQUISIÇÃO DE SOFTWARE PRONTO DESENVOLVIDO PELA PRODEMGE. NESTE ITEM HAVERÁ REGISTRO NO ATIVO DO ESTADO E A DEVIDA AMORTIZAÇÃO DO MESMO AO LONGO DE SUA VIDA ÚTIL. A NATUREZA DE DESPESA NESSE CASO É A 4.4.XX.40.07.
4008;DESENVOLVIMENTO DE SOFTWARES;DESPESAS COM O DESENVOLVIMENTO E MANUTENÇÕES EVOLUTIVAS DE SOFTWARES JUNTO A TERCEIROS. NESTE ITEM HAVERÁ REGISTRO NO ATIVO DO ESTADO EM CONTA DE SOFTWARE EM DESENVOLVIMENTO. NÃO HAVERÁ AMORTIZAÇÃO ENQUANTO O SOFTWARE ESTIVER NA CONDIÇÃO DE “EM DESENVOLVIMENTO”. A NATUREZA DE DESPESA NESSE CASO É A 4.4.XX.40.08. 
4009;DESENVOLVIMENTO DE SOFTWARES PELA PRODEMGE;DESPESAS COM O DESENVOLVIMENTO E MANUTENÇÕES EVOLUTIVAS DE SOFTWARES PELA PRODEMGE. NESTE ITEM HAVERÁ REGISTRO NO ATIVO DO ESTADO EM CONTA DE SOFTWARE EM DESENVOLVIMENTO. NÃO HAVERÁ AMORTIZAÇÃO ENQUANTO O SOFTWARE ESTIVER NA CONDIÇÃO DE “EM DESENVOLVIMENTO”. A NATUREZA DE DESPESA NESSE CASO É A 4.4.XX.40.09.
4101;CONTRIBUIÇÕES;DESPESAS ÀS QUAIS NÃO CORRESPONDA CONTRAPRESTAÇÃO DIRETA EM BENS E SERVIÇOS E NÃO SEJA REEMBOLSÁVEL PELO RECEBEDOR, INCLUSIVE AS DESTINADAS A ATENDER A DESPESAS DE MANUTENÇÃO DE OUTRAS ENTIDADES DE DIREITO PÚBLICO OU PRIVADO, OBSERVADO O DISPOSTO NA LEGISLAÇÃO VIGENTE.
4102;TRANSFERÊNCIAS AO FUNDHAB;TRANSFERÊNCIA DE RECURSOS DA ASSEMBLEIA PARA A ASSISTÊNCIA MÉDICA AMBULATORIAL E HOSPITALAR PRESTADA AOS SERVIDORES POR MEIO DO FUNDHAB, NOS TERMOS DA LEI Nº 14.646, DE 24/06/2003.
4103;CONTRIBUIÇÕES AO IPLEMG;RECOMPOSIÇÃO DA RESERVA TÉCNICA E DO EXIGÍVEL ATUARIAL DO INSTITUTO DE PREVIDÊNCIA DO LEGISLATIVO DO ESTADO DE MINAS GERAIS – IPLEMG.
4104;CONTRIBUIÇÕES DO FUNDO ESTADUAL DE SAUDE - FES - LC 141/2012;REPASSE DE RECURSOS ORÇAMENTÁRIOS DO FUNDO ESTADUAL DE SAÚDE A ÓRGÃOS E ENTIDADES DO PODER EXECUTIVO ESTADUAL NOS TERMOS DA – LEI COMPLEMENTAR FEDERAL Nº 141, DE 13/01/2012 E DO DECRETO ESTADUAL 46.422, DE 17/01/2014.
4105;CONTRIBUIÇÕES À FUNDAÇÃO DE PREVIDÊNCIA COMPLEMENTAR DO ESTADO DE MINAS GERAIS -PREVCOM?MG;TRANSFERÊNCIA DE RECURSOS À PREVCOM-MG ORIUNDAS DAS CONTRIBUIÇÕES DOS PATROCINADORES, OBSERVADOS O DISPOSTO NA LEI COMPLEMENTAR Nº 132, DE 07/01/2014, NO DECRETO 46.525, DE 03/06/2014 E NO ESTATUTO SOCIAL DA FUNDAÇÃO DE PREVIDÊNCIA COMPLEMENTAR DO ESTADO DE MINAS GERAIS – PREVCOM-MG.
4106;TRANSFERÊNCIAS PARA FINANCIAMENTO DO TRANSPORTE ESCOLAR;TRANSFERÊNCIA DIRETA DE RECURSOS FINANCEIROS AOS MUNICÍPIOS QUE REALIZAM O TRANSPORTE ESCOLAR DOS ALUNOS DA REDE ESTADUAL DE ENSINO RESIDENTES EM ZONA RURAL, NOS TERMOS DE REGULAMENTO.
4107;TRANSFERÊNCIAS ENTRE FUNDOS ESTADUAIS;TRANSFERÊNCIAS DE RECURSOS DIRETAMENTE ARRECADADOS ENTRE FUNDOS QUE EXERÇAM FUNÇÃO PROGRAMÁTICA E DE FINANCIAMENTO, NOS MOLDES DO ART. 15 DA LEI COMPLEMENTAR 91, DE 19/01/2006.
4108;TRANSFERÊNCIAS ESPECIAIS A MUNICÍPIOS - EMENDAS            ;TRANSFERÊNCIA ESPECIAL A MUNICÍPIOS DE RECURSOS DECORRENTES DE PROGRAMAÇÕES INCLUÍDAS NA LEI ORÇAMENTÁRIA ANUAL POR EMENDAS INDIVIDUAIS, DE BLOCOS E DE BANCADAS, NOS MOLDES ESTABELECIDOS NOS §§ 2º, 3º E 5º DO ART. 160-A DA CONSTITUIÇÃO DO ESTADO DE MINAS GERAIS.
4109;TRANSFERÊNCIAS ESPECIAIS A MUNICÍPIOS - OUTRAS            ;TRANSFERÊNCIA ESPECIAL A MUNICÍPIOS, PREVISTA NA LEI ORÇAMENTÁRIA ANUAL OU EM LEI QUE AUTORIZE A ABERTURA DE CRÉDITO ADICIONAL, DE RECURSOS RECEBIDOS PELO ESTADO, NOS MOLDES ESTABELECIDOS NOS §§ 2º, 3º E 5º DO ART. 160-A E NO § 6º DO ART. 161 DA CONSTITUIÇÃO DO ESTADO DE MINAS GERAIS. 
4110;TRANSFERÊNCIAS AOS MUNICÍPIOS - LC Nº 194/2022;TRANSFERÊNCIAS AOS MUNICÍPIOS, CONFORME A LEI COMPLEMENTAR Nº 194/2022, REFERENTE ÀS PERDAS DE ARRECADAÇÃO DOS ESTADOS DECORRENTES DA REDUÇÃO DA ARRECADAÇÃO DO IMPOSTO SOBRE OPERAÇÕES RELATIVAS À CIRCULAÇÃO DE MERCADORIAS E SOBRE PRESTAÇÕES DE SERVIÇOS DE TRANSPORTE INTERESTADUAL E INTERMUNICIPAL E DE COMUNICAÇÃO (ICMS). 
4111;CONTRIBUIÇÕES À UNIÃO - REGIME EMERGENCIAL DE ABASTECIMENTO INTERNO DE COMBUSTÍVEIS;"CONTRIBUIÇÕES À UNIÃO EM FUNÇÃO DO REGIME EMERGENCIAL DE ABASTECIMENTO INTERNO DE COMBUSTÍVEIS, PREVISTA NA MEDIDA PROVISÓRIA Nº 1.349, DE 7 DE ABRIL DE 2026.

"
4201;AUXÍLIOS;DESPESAS DESTINADAS A ATENDER A DESPESAS DE INVESTIMENTOS OU INVERSÕES FINANCEIRAS DE OUTRAS ESFERAS DE GOVERNO OU DE ENTIDADES PRIVADAS SEM FINS LUCRATIVOS, OBSERVADO, RESPECTIVAMENTE, O DISPOSTO NOS ARTS. 25 E 26 DA LEI COMPLEMENTAR FEDERAL Nº 101, DE 04/05/2000. 
4301;SUBVENÇÕES SOCIAIS;DESPESAS ORÇAMENTÁRIAS PARA COBERTURA DE DESPESAS DE INSTITUIÇÕES PRIVADAS DE CARÁTER ASSISTENCIAL OU CULTURAL, SEM FINALIDADE LUCRATIVA, DE ACORDO COM OS ARTIGOS 16, PARÁGRAFO ÚNICO, E 17 DA LEI Nº 4.320, DE 17/03/1964, OBSERVADO O DISPOSTO NO ART. 26 DA LRF.
4501;SUBVENÇÕES ECONÔMICAS;"DESPESAS COM O PAGAMENTO DE SUBVENÇÕES ECONÔMICAS, A QUALQUER TÍTULO, AUTORIZADAS EM LEIS ESPECÍFICAS, TAIS COMO: AJUDA FINANCEIRA A ENTIDADES PRIVADAS COM FINS LUCRATIVOS; CONCESSÃO DE BONIFICAÇÕES A PRODUTORES, DISTRIBUIDORES E VENDEDORES; COBERTURA, DIRETA OU INDIRETA, DE PARCELA DE ENCARGOS DE EMPRÉSTIMOS E FINANCIAMENTOS E DOS CUSTOS DE AQUISIÇÃO, DE PRODUÇÃO, DE ESCOAMENTO, DE DISTRIBUIÇÃO, DE VENDA E DE MANUTENÇÃO DE BENS, PRODUTOS E SERVIÇOS EM GERAL; E, AINDA, OUTRAS OPERAÇÕES COM CARACTERÍSTICAS SEMELHANTES."
4502;SUBVENÇÃO ECONÔMICA - TRANSPORTE PÚBLICO COLETIVO;DESPESAS COM ASSISTÊNCIA FINANCEIRA, EM CARÁTER EMERGENCIAL, ÀS CONCESSIONÁRIAS DE TRANSPORTE PÚBLICO COLETIVO COM O OBJETIVO DE AUXILIAR O CUSTEIO DA GRATUIDADE DAS PESSOAS IDOSAS NO TRANSPORTE PÚBLICO COLETIVO, INSTITUÍDA PELA EMENDA CONSTITUCIONAL Nº 123, DE 14 DE JULHO DE 2022. INCLUEM-SE TAMBÉM OS CUSTOS COM TRANSPORTE COLETIVO INTERMUNICIPAL DE CARÁTER URBANO OU METROPOLITANO EM DIA DE ELEIÇÃO, CONFORME INSTITUÍDO PELA EMENDA CONSTITUCIONAL, Nº 115, DE 12 DE JULHO DE 2024.
4503;SUBVENÇÃO ECONÔMICA - APORTES METRÔ RMBH;ITEM BLOQUEADO
4504;SUBVENÇÃO ECONÔMICA - CULTURA;DESPESAS COM O PAGAMENTO DE SUBVENÇÕES ECONÔMICAS DESTINADAS ÀS AÇÕES NA MODALIDADE RECURSOS NÃO REEMBOLSÁVEIS DESTINADAS AO SETOR CULTURAL, NOS TERMOS DA LEI COMPLEMENTAR Nº 195 DE 2022, DA LEI Nº 14.399 DE 2022 E DA LEI 14.903 de 2024
4505;EQUALIZAÇÃO DA TAXA DE JUROS;DESPESAS COM A EQUALIZAÇÃO DE TAXAS DE JUROS PARA VIABILIZAR FINANCIAMENTOS.
4601;AUXÍLIO ALIMENTAÇÃO - PECÚNIA;DESPESAS COM AUXÍLIO-ALIMENTAÇÃO PAGO EM FORMA DE PECÚNIA DIRETAMENTE AOS MILITARES, SERVIDORES OU EMPREGADOS DA ADMINISTRAÇÃO PÚBLICA DIRETA E INDIRETA.
4602;AUXÍLIO ALIMENTAÇÃO ? BILHETE OU CARTÃO MAGNÉTICO;DESPESAS COM AUXÍLIO-ALIMENTAÇÃO PAGO EM FORMA DE BILHETE OU DE CARTÃO MAGNÉTICO DIRETAMENTE AOS MILITARES, SERVIDORES OU EMPREGADOS DA ADMINISTRAÇÃO PÚBLICA DIRETA E INDIRETA.
4702;IMPOSTO DE RENDA - IR;DESPESA DECORRENTE DO PAGAMENTO DO IMPOSTO DE RENDA – IR.
4703;IMPOSTO PREDIAL TERRITORIAL URBANO - IPTU;DESPESA DECORRENTE DO PAGAMENTO DO IMPOSTO PREDIAL TERRITORIAL URBANO - IPTU.
4704;IMPOSTO SOBRE OPERAÇÕES FINANCEIRAS - IOF;DESPESA DECORRENTE DO PAGAMENTO IMPOSTO SOBRE OPERAÇÕES FINANCEIRAS – IOF.
4705;IMPOSTO SOBRE A PROPRIEDADE DE VEÍCULOS AUTOMOTORES - IPVA;DESPESA DECORRENTE DO PAGAMENTO DO IMPOSTO SOBRE A PROPRIEDADE DE VEÍCULOS AUTOMOTORES – IPVA.
4706;CONTRIBUIÇÃO PARA A FORMAÇÃO DO PASEP/PIS;DESPESA DECORRENTE DO PAGAMENTO DA CONTRIBUIÇÃO PARA A FORMAÇÃO DO PASEP/PIS.
4707;TAXA DE LIMPEZA PÚBLICA E COLETA DE RESÍDUOS;DESPESA DECORRENTE DO PAGAMENTO DA TAXA DE LIMPEZA PÚBLICA E DE COLETA DE RESÍDUOS.
4708;TAXA DE ILUMINAÇÃO PÚBLICA;DESPESA DECORRENTE DO PAGAMENTO DA TAXA DE ILUMINAÇÃO PÚBLICA.
4709;TAXAS AMBIENTAIS;DESPESA DECORRENTE DO PAGAMENTO DE TAXAS DE NATUREZA AMBIENTAL. 
4710;PASEP - ADESÃO AO PARCELAMENTO DECORRENTE DE LEI ESPECÍFICA;DESPESAS DECORRENTES DA ADESÃO AO PARCELAMENTO DAS CONTRIBUIÇÕES SOCIAIS DO PROGRAMA DE FORMAÇÃO DO PATRIMÔNIO DO SERVIDOR PÚBLICO (PASEP) COM A FAZENDA NACIONAL, EM VIRTUDE DE LEIS ESPECÍFICAS.
4799;OUTROS - OBRIGAÇÕES TRIBUTÁRIAS E CONTRIBUTIVAS;OBRIGAÇÕES TRIBUTÁRIAS E CONTRIBUTIVAS NÃO CLASSIFICÁVEIS NOS ITENS ANTERIORES.
4801;OUTROS AUXÍLIOS FINANCEIROS A PESSOAS FÍSICAS;DESPESAS COM A CONCESSÃO DE AUXÍLIO FINANCEIRO DIRETAMENTE A PESSOAS FÍSICAS, SOB AS MAIS DIVERSAS MODALIDADES, TAIS COMO AJUDA OU APOIO FINANCEIRO E SUBSÍDIO OU COMPLEMENTAÇÃO NA AQUISIÇÃO DE BENS, NÃO CLASSIFICADOS EXPLÍCITA OU IMPLICITAMENTE EM OUTROS ELEMENTOS DE DESPESA, OBSERVADO O DISPOSTO NO ART. 26 DA LEI COMPLEMENTAR FEDERAL N° 101, DE 2000.
4802;AUXILIO FINANCEIRO ? PROGRAMA POUPANÇA JOVEM;DESPESAS COM A CONCESSÃO DE AUXÍLIO FINANCEIRO A ESTUDANTES BENEFICIADOS PELO PROGRAMA POUPANÇA JOVEM, INSTITUÍDO EM ATENDIMENTO AOS PRINCÍPIOS E ÀS DIRETRIZES PREVISTAS NOS ARTS. 222 E 223 DA CONSTITUIÇÃO DO ESTADO.
4803;AUXÍLIO PARA PROFISSIONAIS DE PROGRAMAS DE CAPACITAÇÃO E FORMAÇÃO;DESPESAS COM A CONCESSÃO DE AUXÍLIO FINANCEIRO A PROFISSIONAIS QUE ATUAM EM PROGRAMAS DE CAPACITAÇÃO E FORMAÇÃO.
4804;BOLSA DE RESIDÊNCIA JURÍDICA;DESPESAS ORÇAMENTÁRIAS COM CONCESSÃO DE BOLSA-AUXÍLIO MENSAL NO ÂMBITO DO PROGRAMA DE RESIDÊNCIA JURÍDICA E DE RESIDÊNCIA MULTIDISCIPLINAR DO PODER JUDICIÁRIO DO ESTADO DE MINAS GERAIS, INSTITUÍDO PELO ART. 238-A DA LEI COMPLEMENTAR Nº 59, DE 18 DE JANEIRO DE 2001, INCLUÍDO PELA LEI COMPLEMENTAR Nº 177, DE 17 DE JULHO DE 2024, E REGULAMENTADO PELA RESOLUÇÃO Nº 1.120, DE 18 DE NOVEMBRO DE 2025, DO TRIBUNAL DE JUSTIÇA DO ESTADO DE MINAS GERAIS, DESTINADAS A BACHARÉIS E PROFISSIONAIS RECÉM-FORMADOS, SEM VÍNCULOS EMPREGATÍCIO OU FUNCIONAL COM A ADMINISTRAÇÃO PÚBLICA, PARA PARTICIPAÇÃO EM ATIVIDADES DE FORMAÇÃO TEÓRICA E PRÁTICA, TREINAMENTO EM SERVIÇO E APOIO INSTITUCIONAL.
4901;AUXÍLIO - TRANSPORTE - PECÚNIA;DESPESAS COM AUXÍLIO-TRANSPORTE PAGO EM FORMA DE PECÚNIA, DIRETAMENTE AOS SERVIDORES, MILITARES, OU EMPREGADOS DA ADMINISTRAÇÃO PÚBLICA DIRETA E INDIRETA, DESTINADO AO CUSTEIO PARCIAL DAS DESPESAS REALIZADAS COM TRANSPORTE COLETIVO MUNICIPAL, INTERMUNICIPAL OU INTERESTADUAL NOS DESLOCAMENTOS DE SUAS RESIDÊNCIAS PARA OS LOCAIS DE TRABALHO E VICE-VERSA, OU TRABALHO-TRABALHO NOS CASOS DE ACUMULAÇÃO LÍCITA DE CARGOS OU EMPREGOS. BENEFÍCIO CONCEDIDO AO SERVIDOR QUE GANHA ATÉ 3 SALÁRIOS MÍNIMOS, DE ACORDO COM A LEGISLAÇÃO EM VIGOR.
4902;AUXÍLIO-TRANSPORTE - PODER LEGISLATIVO;DESPESAS COM AUXÍLIO-TRANSPORTE PAGO EM PECÚNIA DE ACORDO COM A LEGISLAÇÃO EM VIGOR, DIRETAMENTE AOS MILITARES, SERVIDORES OU EMPREGADOS DA ADMINISTRAÇÃO PÚBLICA DIRETA E INDIRETA DO PODER LEGISLATIVO, DESTINADO AO CUSTEIO PARCIAL DAS DESPESAS REALIZADAS COM TRANSPORTE COLETIVO MUNICIPAL, INTERMUNICIPAL OU INTERESTADUAL NOS DESLOCAMENTOS DE SUAS RESIDÊNCIAS PARA OS LOCAIS DE TRABALHO E VICE-VERSA, OU TRABALHO-TRABALHO NOS CASOS DE ACUMULAÇÃO LÍCITA DE CARGOS OU EMPREGOS.
4903;DESPESA DE TRANSPORTE DEVIDA A SERVIDORES DOS PODERES DO ESTADO;DESPESAS COM AUXÍLIO-TRANSPORTE PAGO EM PECÚNIA DIRETAMENTE AOS SERVIDORES E MEMBROS DOS PODERES DO ESTADO, CONFORME LEGISLAÇÃO ESPECÍFICA DE CADA PODER.
4904;AUXÍLIO-TRANSPORTE ? BILHETE OU CARTÃO MAGNÉTICO;DESPESAS COM AUXÍLIO-TRANSPORTE PAGO EM FORMA DE BILHETE OU CARTÃO MAGNÉTICO, DIRETAMENTE AOS SERVIDORES, MILITARES, OU EMPREGADOS DA ADMINISTRAÇÃO PÚBLICA DIRETA E INDIRETA, DESTINADO AO CUSTEIO PARCIAL DAS DESPESAS REALIZADAS COM TRANSPORTE COLETIVO MUNICIPAL, INTERMUNICIPAL OU INTERESTADUAL NOS DESLOCAMENTOS DE SUAS RESIDÊNCIAS PARA OS LOCAIS DE TRABALHO E VICE-VERSA, OU TRABALHO-TRABALHO NOS CASOS DE ACUMULAÇÃO LÍCITA DE CARGOS OU EMPREGOS. 
4905;AUXÍLIO-TRANSPORTE PAGO A ESTAGIÁRIOS ? PECÚNIA;DESPESAS COM AUXÍLIO-TRANSPORTE PAGO EM FORMA DE PECÚNIA, DIRETAMENTE AOS ESTAGIÁRIOS DA ADMINISTRAÇÃO PÚBLICA DIRETA E INDIRETA, DESTINADO AO CUSTEIO PARCIAL DAS DESPESAS REALIZADAS COM TRANSPORTE COLETIVO MUNICIPAL, INTERMUNICIPAL OU INTERESTADUAL NOS DESLOCAMENTOS DE SUAS RESIDÊNCIAS PARA OS LOCAIS DE TRABALHO E VICE-VERSA, OU TRABALHO-TRABALHO NOS CASOS DE ACUMULAÇÃO LÍCITA DE CARGOS OU EMPREGOS. 
4906;AUXÍLIO-TRANSPORTE PAGO A ESTAGIÁRIOS ? BILHETE OU CARTÃO MAGNÉTICO;DESPESAS COM AUXÍLIO-TRANSPORTE PAGO EM FORMA DE BILHETE OU CARTÃO MAGNÉTICO, DIRETAMENTE AOS ESTAGIÁRIOS DA ADMINISTRAÇÃO PÚBLICA DIRETA E INDIRETA, DESTINADO AO CUSTEIO PARCIAL DAS DESPESAS REALIZADAS COM TRANSPORTE COLETIVO MUNICIPAL, INTERMUNICIPAL OU INTERESTADUAL NOS DESLOCAMENTOS DE SUAS RESIDÊNCIAS PARA OS LOCAIS DE TRABALHO E VICE-VERSA, OU TRABALHO-TRABALHO NOS CASOS DE ACUMULAÇÃO LÍCITA DE CARGOS OU EMPREGOS.
5101;ESTUDOS E PROJETOS DE BENS PATRIMONIÁVEIS;DESPESAS COM ESTUDOS E PROJETOS ESPECÍFICOS, NECESSÁRIOS À REALIZAÇÃO DE OBRAS EM BENS PATRIMONIÁVEIS. 
5102;EXECUÇÃO DIRETA DE OBRAS DE BENS PATRIMONIÁVEIS;EXECUÇÃO DA OBRA PROPRIAMENTE DITA, DIRETAMENTE PELO ÓRGÃO OU ENTIDADE, INCLUSIVE COM PAGAMENTO DE PESSOAL TEMPORÁRIO NÃO PERTENCENTE AO QUADRO DE FUNCIONÁRIOS, NECESSÁRIO À EXECUÇÃO DA OBRA EM BENS PATRIMONIÁVEIS. 
5103;EXECUÇÃO DE OBRAS POR CONTRATO DE BENS PATRIMONIÁVEIS;DESPESAS COM O PAGAMENTO DE EMPREITEIRAS CONTRATADAS PARA EXECUÇÃO DE OBRAS EM BENS PATRIMONIÁVEIS, INCLUSIVE PREVISÃO DE REAJUSTAMENTO. 
5104;INSTALAÇÕES PARA OBRAS EM ANDAMENTO;INSTALAÇÕES INCORPORÁVEIS OU INERENTES A IMÓVEIS EM FASE DE CONSTRUÇÃO, TAIS COMO ELEVADORES, APARELHAGEM PARA AR CONDICIONADO CENTRAL, INCINERADORES, COMPORTADORES DE LIXO, ESCADAS E RAMPAS ROLANTES, PORTEIROS ELETRÔNICOS E OUTROS.
5106;ESTUDOS E PROJETOS DE BENS NÃO PATRIMONIÁVEIS;DESPESAS COM ESTUDOS E PROJETOS ESPECÍFICOS, NECESSÁRIOS À REALIZAÇÃO DE OBRAS EM BENS NÃO PATRIMONIÁVEIS. 
5107;EXECUÇÃO DE OBRAS POR CONTRATO DE BENS NÃO PATRIMONIÁVEIS;DESPESAS COM O PAGAMENTO DE EMPREITEIRAS CONTRATADAS PARA EXECUÇÃO DE OBRAS EM BENS NÃO PATRIMONIÁVEIS, INCLUSIVE PREVISÃO DE REAJUSTAMENTO. 
5109;EXECUÇÃO DIRETA DE OBRAS DE BENS NÃO PATRIMONIÁVEIS;EXECUÇÃO DA OBRA PROPRIAMENTE DITA, DIRETAMENTE PELO ÓRGÃO OU ENTIDADE, INCLUSIVE COM PAGAMENTO DE PESSOAL TEMPORÁRIO NÃO PERTENCENTE AO QUADRO DE FUNCIONÁRIOS, NECESSÁRIO À EXECUÇÃO DA OBRA EM BENS NÃO PATRIMONIÁVEIS.
5110;MATERIAL PARA OBRAS - BENS PATRIMONIÁVEIS;DESPESAS COM AQUISIÇÃO DE MATERIAIS A SEREM INCORPORADOS EM OBRAS DE BENS PATRIMONIÁVEIS
5111;CONTRUÇÃO DE UNIDADES HABITACIONAIS;DESPESAS COM A CONSTRUÇÃO DE UNIDADES HABITACIONAIS POR MEIO DO PROGRAMA ESTADUAL DE HABITAÇÃO.
5112;MATERIAL PARA OBRAS - BENS NÃO PATRIMONIÁVEIS;DESPESAS COM AQUISIÇÃO DE MATERIAIS A SEREM INCORPORADOS EM OBRAS BENS NÃO-PATRIMONIÁVEIS.
5113;INSTALAÇÕES PARA INCORPORAÇÃO A BENS IMÓVEIS;INSTALAÇÕES INCORPORÁVEIS OU INERENTES A IMÓVEIS JÁ EM UTILIZAÇÃO OU ADQUIRIDOS PELA ADMINISTRAÇÃO PÚBLICA, TAIS COMO ELEVADORES, APARELHAGEM PARA AR CONDICIONADO CENTRAL, INCINERADORES, COMPORTADORES DE LIXO, ESCADAS E RAMPAS ROLANTES, PORTEIROS ELETRÔNICOS E OUTROS.
5114;EXECUÇÃO DE OBRAS POR EMPRESAS CONTROLADAS;DESPESAS COM  EXECUÇÃO DE OBRAS, BEM COMO A ELABORAÇÃO DOS ESTUDOS E PROJETOS PRÉVIOS, EM PARCERIA COM EMPRESAS CONTROLADAS PELO ESTADO.
5115;EXECUÇÃO DE OBRAS - METRÔ RMBH;DESPESAS COM O PAGAMENTO DE APORTE DO PODER CONCEDENTE AO CONCESSIONÁRIO PARA A REALIZAÇÃO DE OBRAS OU AQUISIÇÃO DE BENS REVERSÍVEIS RELATIVO À CONCESSÃO COMUM DA PRESTAÇÃO DOS SERVIÇOS DE GESTÃO, OPERAÇÃO E MANUTENÇÃO DA REDE METROFERROVIÁRIA, COMPREENDENDO A LINHA 1 EXPANDIDA (NOVA ELDORADO–VILARINHO) E IMPLEMENTAÇÃO DA LINHA 2 (LINHA NOVA SUÍÇA-BARREIRO), INCLUINDO A REALIZAÇÃO DOS INVESTIMENTOS OBRIGATÓRIOS VOLTADOS À SUA MELHORIA E AMPLIAÇÃO, PARA EXPLORAÇÃO INTEGRADA COM OS DEMAIS MODOS DE TRANSPORTE DO SISTEMA METROPOLITANO
5201;AERONAVES E COMPONENTES ESTRUTURAIS;AVIÕES, HELICÓPTEROS E COMPONENTES ESTRUTURAIS DE AERONAVES OU OUTROS ACESSÓRIOS QUE TENHAM A CARACTERÍSTICA DE MATERIAL PERMANENTE. 
5202;ANIMAIS DE TRABALHO, PRODUÇÃO E / OU REPRODUÇÃO;ANIMAIS UTILIZADOS EM MONTARIA, TRAÇÃO, REPRODUÇÃO E OUTROS. EXCLUEM-SE OS ANIMAIS PARA ABATE CONSIDERADOS MATERIAL DE CONSUMO. 
5203;ARMAMENTO E EQUIPAMENTO DE USO POLICIAL;ARMAMENTOS EM GERAL E EQUIPAMENTOS DE MANOBRA, PROTEÇÃO, SEGURANÇA, DESDE QUE CONSIDERADOS MATERIAL PERMANENTE, E OUTROS QUE TENHAM EMPREGO EM SUPORTE ÀS ATIVIDADES POLICIAIS. 
5204;MÁQUINAS, APARELHOS, UTENSÍLIOS E EQUIPAMENTOS DE USO INDUSTRIAL;MATERIAIS E EQUIPAMENTOS DE USO INDUSTRIAL.
5205;EMBARCAÇÕES, PONTÕES, DIQUES, FLUTUANTES E COMPONENTES ESTRUTURAIS;EMBARCAÇÕES (LANCHA, BARCO, CANOA E OUTROS), PONTÕES, DIQUES, INCLUSIVE AQUISIÇÃO DE COMPONENTES ESTRUTURAIS OU OUTROS ACESSÓRIOS QUE TENHAM A CARACTERÍSTICA DE MATERIAL PERMANENTE.
5206;EQUIPAMENTOS DE COMUNICAÇÃO E TELEFONIA;EQUIPAMENTOS OU APARELHOS PARA TELECOMUNICAÇÕES, TAIS COMO: TELEX, FAX, RÁDIO COMUNICAÇÃO, TELEFONIA (CENTRAIS TELEFÔNICAS, KS CELULARES, ETC.). EXCLUEM-SE DESTE ITEM OS APARELHOS DE TELEFONES SIMPLES CONSIDERADOS COMO MATERIAL DE CONSUMO. 
5207;EQUIPAMENTOS DE INFORMÁTICA;EQUIPAMENTOS DE INFORMÁTICA E ACESSÓRIOS OU COMPONENTES QUE SEJAM CARACTERIZADOS COMO MATERIAL PERMANENTE (MICROCOMPUTADOR, IMPRESSORA, SCANNER, NOBREAK, ESTABILIZADOR E HUB). 
5208;EQUIPAMENTOS DE SOM, VÍDEO, FOTOGRÁFICO E CINEMATOGRÁFICO;APARELHOS, UTENSÍLIOS E EQUIPAMENTOS EM GERAL PARA CINE, VÍDEO, FOTO E SOM, CARACTERIZADOS COMO MATERIAL PERMANENTE. EX.: MICROFONE, SISTEMA DE SOM, MESA DE SOM, TV, ETC. 
5209;EQUIPAMENTOS HOSPITALARES, ODONTOLÓGICOS E DE LABORATÓRIO;APARELHOS, EQUIPAMENTOS, UTENSÍLIOS MÉDICO-ODONTOLÓGICO E DE LABORATÓRIO EM GERAL.
5210;FERRAMENTAS, EQUIPAMENTOS E INSTRUMENTOS PARA OFICINA, MEDIÇÃO E INSPEÇÃO;FERRAMENTAS, EQUIPAMENTOS E INSTRUMENTOS PARA OFICINA, MEDIÇÃO, INSPEÇÃO, ANÁLISE E PESQUISA. 
5211;INSTRUMENTOS DE LABORATÓRIO, MÉDICOS E ODONTOLÓGICOS;INSTRUMENTOS DE LABORATÓRIO, MÉDICOS E ODONTOLÓGICOS.
5212;MÁQUINAS, APARELHOS, UTENSÍLIOS E EQUIPAMENTOS DE USO ADMINISTRATIVO;MÁQUINAS, APARELHOS, UTENSÍLIOS E EQUIPAMENTOS EM GERAL, ADQUIRIDOS PARA USO ADMINISTRATIVO E CARACTERIZADOS COMO MATERIAL PERMANENTE. 
5213;MATERIAL ESPORTIVO E RECREATIVO;APARELHOS E EQUIPAMENTOS PARA ATIVIDADES ESPORTIVAS E RECREATIVAS. EX.: CAMA ELÁSTICA, BALIZAS E BASTÕES PARA GINÁSTICA, DISCOS, PESOS E DARDOS PARA ARREMESSO, BARRAS, ETC.
5214;MOBILIÁRIO;MOBILIÁRIO EM GERAL PARA ESCRITÓRIO, HOSPITAIS E OUTRAS REPARTIÇÕES, CONFECCIONADOS EM MADEIRA, EM AÇO, EM FERRO, ETC.
5215;OBJETOS DE ARTE E ANTIGÜIDADES;OBJETOS DE ARTE, PEÇAS PARA MUSEU E ACERVO HISTÓRICO.
5216;TRATORES, SIMILARES E IMPLEMENTOS;TRATORES PARA TERRAPLANAGEM, ESCAVAÇÃO E OUTRAS ATIVIDADES E SEUS RESPECTIVOS IMPLEMENTOS.
5217;VEÍCULOS;VEÍCULOS E COMPONENTES ESTRUTURAIS DE VEÍCULOS OU OUTROS ACESSÓRIOS QUE TENHAM CARACTERÍSTICA DE MATERIAL PERMANENTE E QUE POSSAM SER DESINCORPORADOS, SEM PREJUÍZO DOS MESMOS, PARA APLICAÇÃO EM OUTRO VEÍCULO, TAIS COMO: AR CONDICIONADO, CAPOTA, RÁDIO/TOCA-FITA E AFINS.
5218;COLEÇÕES E MATERIAIS BIBLIOGRÁFICOS;COLEÇÕES E MATERIAIS BIBLIOGRÁFICOS EM GERAL DESTINADOS A ACERVO DE BIBLIOTECAS. EXCLUI-SE DESTE ITEM MATERIAL BIBLIOGRÁFICO PARA BIBLIOTECAS PÚBLICAS, CONSIDERADOS COMO MATERIAL DE CONSUMO E CLASSIFICADOS NO ELEMENTO 30 – MATERIAL DE CONSUMO, ITEM 36 - MATERIAL BIBLIOGRÁFICO PARA BIBLIOTECAS PÚBLICAS, CONFORME LEI FEDERAL N. º 10.753, DE 30/10/03. EXCLUI-SE TAMBÉM DESTE ITEM O LIVRO DE USO CONSTANTE DO SERVIDOR PÚBLICO, CLASSIFICADO NO ELEMENTO 30, ITEM 31 – LIVROS TÉCNICOS. 
5219;INSTRUMENTOS MUSICAIS E ARTÍSTICOS;INSTRUMENTOS MUSICAIS E ARTÍSTICOS.
5220;EQUIPAMENTOS DE SEGURANÇA ELETRÔNICA;SISTEMA ELETRÔNICO E EQUIPAMENTOS PARA SEGURANÇA E VIGILÂNCIA.
5221;MATERIAL DIDÁTICO;MATERIAL DIDÁTICO UTILIZADO EM ATIVIDADES EDUCATIVAS, PEDAGÓGICAS, TAIS COMO: TORSO, ESQUELETO HUMANO, SIMULADORES, PLANETÁRIOS, ETC. 
5222;ESTRUTURAS E COMPONENTES;ESTRUTURAS PRONTAS OU PRÉ-FABRICADAS COMO GALPÕES, TENDAS, BARRACAS E SIMILARES QUE SE CARACTERIZEM COMO MATERIAL PERMANENTE, BEM COMO COMPONENTES RELACIONADOS, COMO ESTRUTURAS DE SUSTENTAÇÃO E COBERTURAS.
5223;MÁQUINAS E EQUIPAMENTOS GRÁFICOS;REGISTRA O VALOR DAS DESPESAS COM TODAS AS MÁQUINAS, APARELHOS E EQUIPAMENTOS UTILIZADOS EM REPROGRAFIA OU ARTES GRÁFICAS, TAIS COMO: APARELHO PARA ENCADERNAÇÃO, COPIADORA, CORTADEIRA ELÉTRICA, COSTURADORA DE PAPEL, DUPLICADORA, GRAMPEADEIRA, GRAVADORA DE EXTENSO, GUILHOTINA, LINOTIPO, MÁQUINA DE OFF-SET, OPERADORA DE ILHOSES, PICOTADEIRA, TELEIMPRESSORA E RECEPTADORA DE PÁGINAS E AFINS.
5224;MÁQUINAS, INSTALAÇÕES E UTENSÍLIOS DE ESCRITÓRIO;REGISTRA O VALOR DAS DESPESAS COM TODAS AS MÁQUINAS, APARELHOS E UTENSÍLIOS UTILIZADOS EM ESCRITÓRIO E DESTINADOS AO AUXÍLIO DO TRABALHO ADMINISTRATIVO, TAIS COMO: APARELHO ROTULADOR, APONTADOR FIXO (DE MESA), CAIXA REGISTRADORA, CARIMBO DIGITADOR DE METAL, COMPASSO, ESTOJO PARA DESENHO, GLOBO TERRESTRE, GRAMPEADOR (EXCETO DE MESA), MÁQUINA AUTENTICADORA, MÁQUINA DE CALCULAR, MÁQUINA DE CONTABILIDADE, MÁQUINA DE ESCREVER, MÁQUINA FRANQUEADORA, NORMÓGRAFO, PANTÓGRAFO, QUEBRA-LUZ (LUMINÁRIA DE MESA), RÉGUA DE PRECISÃO, RÉGUA T, RELÓGIO PROTOCOLADOR E AFINS.
5225;APARELHOS E UTENSÍLIOS DOMÉSTICOS;REGISTRA O VALOR DAS DESPESAS COM AQUISIÇÃO DE ELETRODOMÉSTICOS EM GERAL E UTENSÍLIOS, COM DURABILIDADE SUPERIOR A DOIS ANOS, UTILIZADOS EM SERVIÇOS DOMÉSTICOS, TAIS COMO: APARELHOS DE COPA E COZINHA, ASPIRADOR DE PÓ, BATEDEIRA, BOTIJÃO DE GÁS, CAFETEIRA ELÉTRICA, CHUVEIRO OU DUCHA ELÉTRICA, CIRCULADOR DE AR, CONDICIONADOR DE AR (MÓVEL), CONJUNTO DE CHÁ/CAFÉ/JANTAR, ESCADA PORTÁTIL, ENCERADEIRA, EXAUSTOR, FAQUEIRO, FILTRO DE ÁGUA, FOGÃO, FORNO DE MICROONDAS, GELADEIRA, GRILL, LIQUIDIFICADOR, MÁQUINA DE LAVAR LOUCA, MÁQUINA DE LAVAR ROUPA, MÁQUINA DE MOER CAFÉ, MÁQUINA DE SECAR PRATOS, SECADOR DE PRATO, TÁBUA DE PASSAR ROUPAS, TORNEIRA ELÉTRICA, TORRADEIRA ELÉTRICA, UMIDIFICADOR DE AR E AFINS.
5226;EQUIPAMENTOS DE PROTEÇÃO, SEGURANÇA E SOCORRO;REGISTRA O VALOR DAS DESPESAS COM TODOS OS MATERIAIS PERMANENTES UTILIZADOS NA PROTEÇÃO E SEGURANÇA DE PESSOAS OU BENS PÚBLICOS, COMO TAMBÉM QUALQUER OUTRO UTILIZADO PARA SOCORRO DIVERSO, OU SOBREVIVÊNCIA EM QUALQUER ECOSSISTEMA, TAIS COMO: ALARME, ALGEMA, ARMA PARA VIGILANTE, BÓIA SALVA-VIDA, CABINE PARA GUARDA (GUARITA), COFRE, EXTINTOR DE INCÊNDIO, PÁRA-RAIO, SINALIZADOR DE GARAGEM, PORTA GIRATÓRIA, CIRCUITO INTERNO DE TELEVISÃO E AFINS.
5227;PEÇAS NÃO INCORPORÁVEIS A IMÓVEIS;REGISTRA O VALOR DAS DESPESAS COM MATERIAIS EMPREGADOS EM IMÓVEIS E QUE POSSAM SER REMOVIDOS OU RECUPERADOS, TAIS COMO BIOMBOS, CARPETES (PRIMEIRA INSTALAÇÃO), CORTINAS, DIVISÓRIAS REMOVÍVEIS, ESTRADOS, PERSIANAS, TAPETES (EXCETO CAPACHOS), TOLDO, GRADES, MASTRO PARA FIXAÇÃO DE ANTENA DE RÁDIO, BICICLETÁRIOS REMOVÍVEIS E AFINS.
5230;MÁQUINAS E EQUIPAMENTOS ENERGÉTICOS;REGISTRA O VALOR DAS DESPESAS COM MÁQUINAS, APARELHOS E EQUIPAMENTOS NÃO INCORPORÁVEIS A INSTALAÇÕES, DESTINADOS À GERAÇÃO DE ENERGIA DE QUALQUER ESPÉCIE, TAIS COMO: ALTERNADOR ENERGÉTICO, KITS FOTOVOLTAICOS, PAINÉIS SOLARES, CARREGADOR DE BATERIA, CHAVE AUTOMÁTICA, GERADOR, HASTE DE CONTATO, POSTE DE ILUMINAÇÃO, RETIFICADOR, TRANSFORMADOR DE VOLTAGEM, TRILHO, TRUCK-TUNGA, TURBINA (HIDRELÉTRICA) E AFINS.
5299;OUTROS MATERIAIS PERMANENTES;MATERIAIS PERMANENTES NÃO CLASSIFICÁVEIS NOS ITENS ANTERIORES.
5301;APOSENTADORIAS DO RGPS - ÁREA RURAL;DESPESAS COM PAGAMENTO DE APOSENTADORIAS DOS SEGURADOS DO PLANO DE BENEFÍCIOS DO REGIME GERAL DE PREVIDÊNCIA SOCIAL - RGPS, RELATIVOS À ÁREA RURAL.
5401;APOSENTADORIAS DO RGPS - ÁREA URBANA;DESPESAS COM PAGAMENTO DE APOSENTADORIAS DOS SEGURADOS DO PLANO DE BENEFÍCIOS DO REGIME GERAL DE PREVIDÊNCIA SOCIAL - RGPS, RELATIVOS À ÁREA URBANA.
5501;PENSÕES DO RGPS - ÁREA RURAL;DESPESAS COM PAGAMENTO DE PENSIONISTAS DO PLANO DE BENEFÍCIOS DO REGIME GERAL DE PREVIDÊNCIA SOCIAL - RGPS, INCLUSIVE DECORRENTES DE SENTENÇAS JUDICIAIS, TODAS RELATIVAS À ÁREA RURAL.
5601;PENSÕES DO RGPS - ÁREA URBANA;DESPESAS COM PAGAMENTO DE PENSIONISTAS DO PLANO DE BENEFÍCIOS DO REGIME GERAL DE PREVIDÊNCIA SOCIAL - RGPS, INCLUSIVE DECORRENTES DE SENTENÇAS JUDICIAIS, TODAS RELATIVAS À ÁREA URBANA.
5701;OUTROS BENEFÍCIOS DO RGPS - ÁREA RURAL;DESPESAS COM PAGAMENTO DE PENSIONISTAS DO PLANO DE BENEFÍCIOS DO REGIME GERAL DE PREVIDÊNCIA SOCIAL - RGPS, INCLUSIVE DECORRENTES DE SENTENÇAS JUDICIAIS, TODAS RELATIVAS À ÁREA URBANA.
5801;OUTROS BENEFÍCIOS DO RGPS - ÁREA URBANA;DESPESAS COM BENEFÍCIOS DO REGIME GERAL DE PREVIDÊNCIA SOCIAL - RGPS RELATIVAS À ÁREA URBANA, EXCLUSIVE APOSENTADORIA E PENSÕES.
5902;PENSÃO ESPECIAL - LEI N.º 552/49;DESPESAS COM PENSÕES CONCEDIDAS À VIÚVA E DEPENDENTES DE SERVIDOR FALECIDO NÃO CONTRIBUINTE DO IPSEMG.
5903;PENSÃO ESPECÍFICA DOS INSTITUTOS DE PREVIDÊNCIA;DESPESAS COM O PAGAMENTO DE PENSÕES À VIÚVA E DEPENDENTES DE SERVIDOR, PARLAMENTAR E MILITAR FALECIDO QUE CONTRIBUIU PARA O SISTEMA PREVIDENCIÁRIO DO ESTADO.
5904;PENSÃO DECORRENTE DE SENTENÇA JUDICIAL - SERVIDOR;DESPESAS COM PENSÕES CONCEDIDAS PELA ADMINISTRAÇÃO PÚBLICA AO SERVIDOR, POR FORÇA 
5905;PENSÃO DECORRENTE DE SENTENÇA JUDICIAL - TERCEIROS;DESPESAS COM PENSÕES CONCEDIDAS PELA ADMINISTRAÇÃO PÚBLICA A TERCEIROS, POR FORÇA DE SENTENÇA JUDICIAL.
5906;SUBSÍDIO PENSÃO ESPECIAL DA EDUCAÇÃO;DESPESA COM PAGAMENTO DE SUBSÍDIO DE PENSÕES DA SECRETARIA DE EDUCAÇÃO, CONFORME LEGISLAÇÃO ESPECÍFICA.
5907;PENSÃO ESPECIAL PARA AGENTES POLÍTICOS, SERVIDORES PÚBLICOS E ESTATAIS;DESPESA COM PENSÕES ESPECIAIS CONCEDIDAS A AGENTES POLÍTICOS, SERVIDORES PÚBLICOS E ESTATAIS.
5908;PENSÕES DECORRENTES DA LEI Nº 21.527/2014;DESPESAS COM PENSÕES CONCEDIDAS AOS ASSISTIDOS E PENSIONISTAS DO LIQUIDADO PLANO DE PREVIDÊNCIA COMPLEMENTAR MINAS CAIXA RP-2, NOS TERMOS DA LEI Nº 21.527, DE 16/12/2014.
6101;TERRENOS;AQUISIÇÃO E DESAPROPRIAÇÃO DE TERRENOS PARA PRONTA UTILIZAÇÃO.
6102;SALAS E ESCRITÓRIOS;AQUISIÇÃO E DESAPROPRIAÇÃO DE SALAS E ESCRITÓRIOS PARA PRONTA UTILIZAÇÃO.
6103;FAZENDAS;AQUISIÇÃO E DESAPROPRIAÇÃO DE FAZENDAS PARA PRONTA UTILIZAÇÃO.
6104;EDIFÍCIOS;AQUISIÇÃO E DESAPROPRIAÇÃO DE EDIFÍCIOS PARA PRONTA UTILIZAÇÃO.
6105;IMÓVEIS PARA FINS DE TRANSFERÊNCIA A TERCEIROS;AQUISIÇÃO E DESAPROPRIAÇÃO DE IMÓVEIS PARA FINS DE TRANSFERÊNCIA A TERCEIROS (CESSÃO OU DOAÇÃO), NOS TERMOS DA LEGISLAÇÃO VIGENTE.
6106;IMÓVEIS NECESSÁRIOS À REALIZAÇÃO DE OBRAS DE BENS PATRIMONIAVEIS;AQUISIÇÃO E DESAPROPRIAÇÃO DE BENS IMÓVEIS NECESSÁRIOS À REALIZAÇÃO DE OBRAS DE BENS PATRIMONIÁVEIS. 
6107;IMÓVEIS NECESSÁRIOS À REALIZAÇÃO DE OBRAS DE BENS NÃO-PATRIMONIAVEIS;AQUISIÇÃO E DESAPROPRIAÇÃO DE BENS IMÓVEIS NECESSÁRIOS À REALIZAÇÃO DE OBRAS DE BENS NÃO-PATRIMONIÁVEIS. 
6108;CASAS;AQUISIÇÃO E DESAPROPRIAÇÃO DE CASAS PARA PRONTA UTILIZAÇÃO.
6201;AQUISIÇÃO DE PRODUTOS PARA REVENDA;DESPESAS COM AQUISIÇÃO DE BENS DESTINADOS À VENDA FUTURA.
6301;AQUISIÇÃO DE TÍTULOS DE CRÉDITO;DESPESAS COM AQUISIÇÃO DE TÍTULOS DE CRÉDITO NÃO REPRESENTATIVOS DE QUOTAS DE CAPITAL DE EMPRESAS.
6401;AQUISIÇÃO DE TÍTULOS REPRESENTATIVOS DE CAPITAL JÁ INTEGRALIZADO;DESPESAS COM AQUISIÇÃO DE AÇÕES OU QUOTAS DE QUALQUER TIPO DE SOCIEDADE, DESDE QUE TAIS TÍTULOS NÃO REPRESENTEM CONSTITUIÇÃO OU AUMENTO DE CAPITAL. 
6501;CONSTITUIÇÃO OU AUMENTO DE CAPITAL DE EMPRESAS– ADIANTAMENTO PARA FUTURO AUMENTO DE CAPITAL - AFAC;DESPESAS COM A CONSTITUIÇÃO OU AUMENTO DE CAPITAL DE EMPRESAS INDUSTRIAIS, AGRÍCOLAS, COMERCIAIS OU FINANCEIRAS, MEDIANTE SUBSCRIÇÃO DE AÇÕES REPRESENTATIVAS DO SEU CAPITAL SOCIAL, REPRESENTADA POR ADIANTAMENTO PARA FUTURO AUMENTO DE CAPITAL - AFAC, PENDENTE DE AUTORIZAÇÃO DA A.G.E. DA EMPRESA PARA INTEGRALIZAÇÃO.
6502;CONSTITUIÇÃO OU AUMENTO DE CAPITAL DE EMPRESAS ? CAPITAL INTEGRALIZADO;DESPESAS COM A CONSTITUIÇÃO OU AUMENTO DE CAPITAL DE EMPRESAS INDUSTRIAIS, AGRÍCOLAS, COMERCIAIS OU FINANCEIRAS, MEDIANTE SUBSCRIÇÃO DE AÇÕES REPRESENTATIVAS DO SEU CAPITAL SOCIAL, REPRESENTADA PELA INTEGRALIZAÇÃO IMEDIATA AO CAPITAL SOCIAL DA EMPRESA, CONFORME  APROVAÇÃO DA A.G.E. DA EMPRESA.
6601;CONCESSÃO DE EMPRÉSTIMOS E FINANCIAMENTOS;CONCESSÃO DE QUALQUER EMPRÉSTIMO OU FINANCIAMENTO, INCLUSIVE BOLSAS DE ESTUDO REEMBOLSÁVEIS. 
6602;EMPRÉSTIMOS E FINANCIAMENTOS ? FUNDOS DE DESENVOLVIMENTO;CONCESSÃO DE EMPRÉSTIMO OU FINANCIAMENTO PELOS FUNDOS ESTADUAIS DE DESENVOLVIMENTO DO ESTADO DE MINAS GERAIS.
6603;CONCESSÃO DE FINANCIAMENTOS HABITACIONAIS;CONCESSÃO DE FINANCIAMENTOS PARA PRODUÇÃO, AQUISIÇÃO E REFORMA DE MORADIAS.
6701;DEPÓSITOS COMPULSÓRIOS;DEPÓSITOS COMPULSÓRIOS EXIGIDOS POR LEGISLAÇÃO ESPECÍFICA, OU DETERMINADOS POR DECISÃO JUDICIAL. 
7001;RATEIO PELA PARTICIPAÇÃO EM CONSÓRCIO PÚBLICO;DESPESA RELATIVA AO RATEIO DAS DESPESAS DECORRENTES DA PARTICIPAÇÃO DO ENTE FEDERATIVO EM CONSÓRCIO PÚBLICO INSTITUÍDO NOS TERMOS DA LEI FEDERAL Nº 11.107, DE 6/04/2005.
7101;PRINCIPAL DA DÍVIDA INTERNA POR CONTRATOS;DESPESAS DECORRENTES DE PAGAMENTO DE PRINCIPAL E DA ATUALIZAÇÃO MONETÁRIA OU CAMBIAL REFERENTE A OPERAÇÕES DE CRÉDITO POR CONTRATOS, CONTRAÍDAS NO PAÍS.
7102;PRINCIPAL DA DÍVIDA EXTERNA POR CONTRATOS;DESPESAS DECORRENTES DE PAGAMENTO DE PRINCIPAL E DA ATUALIZAÇÃO CAMBIAL REFERENTES A OPERAÇÕES DE CRÉDITO CONTRATADAS NO EXTERIOR. 
7103;PRINCIPAL DA DIVIDA COM OS INSTITUTOS DE PREVIDÊNCIA;DESPESAS DECORRENTES DO PAGAMENTO DE PRINCIPAL DA DÍVIDA POR DETERMINAÇÃO LEGAL OU NOS CASOS EM QUE NÃO SE ADEQUAR AOS DEMAIS ITENS DESTE ELEMENTO. (EX.: DÍVIDA COM O IPSEMG E O IPSM)
7104;PRINCIPAL DO PARCELAMENTO DA DÍVIDA PREVIDENCIÁRIA - INSS;DESPESAS DECORRENTES DO PAGAMENTO DE PRINCIPAL DA DÍVIDA DO ESTADO DE MINAS GERAIS COM A RECEITA FEDERAL DO BRASIL, EM FUNÇÃO DO PARCELAMENTO INSTITUÍDO POR LEI ESPECÍFICA, TAL COMO A LEI FEDERAL Nº 11.941, DE 27/05/2009.
7106;PRINCIPAL DE OUTRAS DIVIDAS RENEGOCIADAS;DESPESAS DECORRENTES DO PAGAMENTO DE PRINCIPAL DA DÍVIDA NÃO CLASSIFICÁVEIS NOS DEMAIS ITENS DESSE ELEMENTO. 
7107;PRINCIPAL DO PARCELAMENTO DA DÍVIDA REFERENTE AO PASEP;DESPESAS DECORRENTES DO PAGAMENTO DE PRINCIPAL DA DÍVIDA DO ESTADO DE MINAS GERAIS REFERENTES AO PARCELAMENTO DO PROGRAMA DE FORMAÇÃO DO PATRIMÔNIO DO SERVIDOR PÚBLICO – PASEP – CONFORME LEI FEDERAL 12.810, DE 15/05/2013.
7108;PRINCIPAL DA DÍVIDA INTERNA POR CONTRATOS REFINANCIADA;DESPESAS DECORRENTES DO PAGAMENTO DO PRINCIPAL E DA ATUALIZAÇÃO MONETÁRIA DAS DÍVIDAS DO ESTADO REFINANCIADAS PELA UNIÃO.
7109;PRINCIAL DE EXECUÇÃO DE DÍVIDAS HONRADAS PELA UNIÃO ;DESPESAS DECORRENTES DE JUROS REFERENTES AOS VALORES HONRADOS PELA UNIÃO, NOS CONTRATOS DE EMPRÉSTIMOS FIRMADOS PELO ESTADO TENDO A GARANTIA DA REPÚBLICA FEDERATIVA DO BRASIL
7110;PRINCIPAL DA DÍVIDA REFERENTE À REGULARIZAÇÃO DA COMPENSAÇÃO DAS PERDAS DE ARRECADAÇÃO DO ICMS;DESPESAS DECORRENTES DO PAGAMENTO DO PRINCIPAL DA DÍVIDA EM FUNÇÃO DE REGULARIZAÇÃO DA COMPENSAÇÃO DAS PERDAS DE ARRECADAÇÃO DO ICMS DO ESTADO.
7201;PRINCIPAL DA DÍVIDA MOBILIÁRIA INTERNA;DESPESAS COM A AMORTIZAÇÃO EFETIVA DO VALOR NOMINAL DO TÍTULO DA DÍVIDA PÚBLICA MOBILIÁRIA INTERNA. 
7202;PRINCIPAL DA DÍVIDA MOBILIÁRIA EXTERNA;DESPESAS COM A AMORTIZAÇÃO EFETIVA DO VALOR NOMINAL DO TÍTULO DA DÍVIDA PÚBLICA MOBILIÁRIA EXTERNA.
7301;CORREÇÃO MONETÁRIA OU CAMBIAL DA DÍVIDA INTERNA;DESPESAS DECORRENTES DE PAGAMENTO DE PRINCIPAL E DA ATUALIZAÇÃO MONETÁRIA OU CAMBIAL REFERENTE A OPERAÇÕES DE CRÉDITO POR CONTRATOS, CONTRAÍDAS NO PAÍS. 
7302;CORREÇÃO MONETÁRIA OU CAMBIAL DA DÍVIDA EXTERNA POR CONTRATOS;DESPESAS DECORRENTES DE PAGAMENTO DE PRINCIPAL E DA ATUALIZAÇÃO CAMBIAL REFERENTES A OPERAÇÕES DE CRÉDITO CONTRATADAS NO EXTERIOR. 
7401;CORREÇÃO MONETÁRIA OU CAMBIAL DA DÍVIDA MOBILIÁRIA INTERNA;DESPESAS DECORRENTES DA ATUALIZAÇÃO DO VALOR NOMINAL DO TÍTULO DA DÍVIDA PÚBLICA MOBILIÁRIA INTERNA, EFETIVAMENTE AMORTIZADO. 
7402;CORREÇÃO MONETÁRIA OU CAMBIAL DA DÍVIDA MOBILIÁRIA EXTERNA;DESPESAS DECORRENTES DA ATUALIZAÇÃO DO VALOR NOMINAL DO TÍTULO DA DÍVIDA PÚBLICA MOBILIÁRIA EXTERNA, EFETIVAMENTE AMORTIZADO.
7501;CORREÇÃO MONETÁRIA DA DÍVIDA DE OPERAÇÕES DE CRÉDITO POR ANTECIPAÇÃO DE RECEITA;CORREÇÃO MONETÁRIA DA DÍVIDA DECORRENTE DE OPERAÇÃO DE CRÉDITO POR ANTECIPAÇÃO DE RECEITA. 
7601;PRINCIPAL DA DÍVIDA MOBILIÁRIA INTERNA;DESPESAS COM O REFINANCIAMENTO DO PRINCIPAL DA DÍVIDA PÚBLICA MOBILIÁRIA INTERNA, INCLUSIVE CORREÇÃO MONETÁRIA OU CAMBIAL, COM RECURSOS PROVENIENTES DA EMISSÃO DE NOVOS TÍTULOS DA DÍVIDA PÚBLICA MOBILIÁRIA. 
7602;PRINCIPAL DA DÍVIDA MOBILIÁRIA EXTERNA;DESPESAS COM O REFINANCIAMENTO DO PRINCIPAL DA DÍVIDA PÚBLICA MOBILIÁRIA EXTERNA, INCLUSIVE CORREÇÃO MONETÁRIA OU CAMBIAL, COM RECURSOS PROVENIENTES DA EMISSÃO DE NOVOS TÍTULOS DA DÍVIDA PÚBLICA MOBILIÁRIA. 
7701;PRINCIPAL CORRIGIDO DA DÍVIDA CONTRATUAL REFINANCIADO;DESPESAS COM O REFINANCIAMENTO DO PRINCIPAL DA DÍVIDA PÚBLICA CONTRATUAL, INTERNA E EXTERNA, INCLUSIVE CORREÇÃO MONETÁRIA OU CAMBIAL, COM RECURSOS PROVENIENTES DA EMISSÃO DE TÍTULOS DA DÍVIDA PÚBLICA MOBILIÁRIA. 
8102;COTA PARTE DO IPVA;DESPESAS DECORRENTES DA TRANSFERÊNCIA AOS MUNICÍPIOS DA COTA PARTE DO IPVA.
8103;COTA PARTE DO ICMS;DESPESAS DECORRENTES DA TRANSFERÊNCIA AOS MUNICÍPIOS DA COTA PARTE DO ICMS.
8104;COTA PARTE DO IPI;DESPESAS DECORRENTES DA TRANSFERÊNCIA AOS MUNICÍPIOS DA COTA PARTE DO IPI.
8105;COTA PARTE DA CIDE;DESPESAS DECORRENTES DA TRANSFERÊNCIA AOS MUNICÍPIOS DA COTA PARTE DA CIDE.
8106;TRANSFERÊNCIAS FUNDEB - PARCELAS REFERENTES AO FEM;DESPESAS DECORRENTES DA TRANSFERÊNCIA AO FUNDEB, RELATIVAS AOS RECURSOS PROVENIENTES DA ALÍQUOTA ADICIONAL DO ICMS, DESTINADAS AO FEM, CONFORME PREVISTO NO ART. 82, § 1º, DO ADCT (PERÍODO DE 2012 A 2020).
8199;OUTRAS TRANSFERÊNCIAS;DESPESAS DECORRENTES DA TRANSFERÊNCIA A OUTRAS ESFERAS DE GOVERNO DE RECEITAS TRIBUTÁRIAS, DE CONTRIBUIÇÕES E DE OUTRAS RECEITAS VINCULADAS, PREVISTA NA CONSTITUIÇÃO OU EM LEIS ESPECÍFICAS, CUJA COMPETÊNCIA DE ARRECADAÇÃO É DO ÓRGÃO TRANSFERIDOR, NÃO CLASSIFICADAS EM ITENS DE DESPESA ESPECÍFICOS.
8201;APORTE DE RECURSOS PELO PARCEIRO PÚBLICO EM FAVOR DO PARCEIRO PRIVADO DECORRENTE DE CONTRATO DE PARCERIA PÚBLICO-PRIVADA - PPP;DESPESAS RELATIVAS AO APORTE DE RECURSOS PELO PARCEIRO PÚBLICO EM FAVOR DO PARCEIRO PRIVADO, CONFORME PREVISÃO CONSTANTE DO CONTRATO DE PARCERIA PÚBLICO-PRIVADA - PPP, DESTINADO À REALIZAÇÃO DE OBRAS E AQUISIÇÃO DE BENS REVERSÍVEIS, NOS TERMOS DO §2º DO ART. 6º E DO §2º DO ART. 7º, AMBOS DA LEI Nº 11.079, DE 30/12/2004.
8301;PARCELAS DAS CONTRAPRESTAÇÕES REFERENTES À REMUNERAÇÃO DO PARCEIRO PRIVADO POR SERVIÇOS EM CONCESSÕES ADMINISTRATIVAS;DESPESAS ORÇAMENTÁRIAS RELATIVAS ÀS PARCELAS DAS CONTRAPRESTAÇÕES REFERENTES À REMUNERAÇÃO DO PARCEIRO PRIVADO POR SERVIÇOS EM CONCESSÕES ADMINISTRATIVAS.
8302;PARCELAMENTO DOS INVESTIMENTOS REALIZADOS PELO PARCEIRO PRIVADO COM A REALIZAÇÃO DE OBRAS E AQUISIÇÃO DE BENS REVERSÍVEIS;DESPESAS ORÇAMENTÁRIAS RELATIVAS AO PARCELAMENTO DOS INVESTIMENTOS REALIZADOS PELO PRIVADO COM A REALIZAÇÃO DE OBRAS COM A REALIZAÇÃO DE OBRAS E AQUISIÇÃO DE BENS REVERSÍVEIS, INCORPORADOS NO PATRIMÔNIO DO PARCEIRO PÚBLICO ATÉ O INÍCIO DA OPERAÇÃO DO OBJETO DA PARCERIA PÚBLICO-PRIVADA – PPP.
8303;OUTRAS DESPESAS DECORRENTES DE CONTRATO DE PARCERIA PÚBLICO-PRIVADA - PPP, EXCETO SUBVENÇÕES ECONÔMICAS, APORTE E FUNDO GARANTIDOR;OUTRAS DESPESAS QUE NÃO CARACTERIZEM SUBVENÇÃO (ELEMENTO 45), APORTE DE RECURSOS DO PARCEIRO PÚBLICO AO PARCEIRO PRIVADO (ELEMENTO 82), PARTICIPAÇÃO EM FUNDO GARANTIDOR DE PPP (ELEMENTO 84), OU REMUNERAÇÃO DO PARCEIRO PRIVADO POR SERVIÇOS EM CONCESSÕES ADMINISTRATIVAS.
8401;DESPESAS DECORRENTES DA PARTICIPAÇÃO EM FUNDOS, ORGANISMOS, OU ENTIDADES ASSEMELHADAS, NACIONAIS E INTERNACIONAIS;DESPESAS ORÇAMENTÁRIAS RELATIVAS À PARTICIPAÇÃO EM FUNDOS, ORGANISMOS, OU ENTIDADES ASSEMELHADAS, NACIONAIS E INTERNACIONAIS, INCLUSIVE AS DECORRENTES DE INTEGRALIZAÇÃO DE COTAS
8402;DESPESAS DECORRENTES DA PARTICIPAÇÃO NO FUNDO DE EQUALIZAÇÃO FEDERATIVA;DESPESAS ORÇAMENTÁRIAS RELATIVAS À PARTICIPAÇÃO NO FUNDO DE EQUALIZAÇÃO FEDERATIVA – FEF, NOS TERMOS DA LC FEDERAL Nº 212/2025 E DO DECRETO FEDERAL Nº 12.433/2025.
8501;CONTRATO DE GESTÃO COM ORGANIZAÇÃO SOCIAL - OS;DESPESAS DECORRENTES DA CELEBRAÇÃO DE PARCERIAS COM ORGANIZAÇÕES SOCIAIS - OS - CONFORME CONTRATO DE GESTÃO FIRMADO COM ENTIDADE QUALIFICADA NOS TERMOS DA LEI ESTADUAL Nº 23.081, DE 10 DE AGOSTO DE 2018.
8502;CONTRATO DE GESTÃO COM SERVIÇO SOCIAL AUTÔNOMO - SSA;CONTRATO DE GESTÃO COM SERVIÇO SOCIAL AUTÔNOMO - SSA
8601;COMPENSAÇÃO FINANCEIRA DOS REGIMES DE PREVIDÊNCIA ;DESPESAS COM A COMPENSAÇÃO FINANCEIRA ENTRE OS REGIMES PREVIDENCIÁRIOS, NAS HIPÓTESES DE CONTAGEM RECÍPROCA DE TEMPOS DE CONTRIBUIÇÃO, CONFORME DISPOSIÇÃO DO ART. 201, §9º DA CF E LEGISLAÇÃO ESPECÍFICA
9102;PRECATÓRIOS - PESSOAL;DESPESAS RESULTANTES DE PAGAMENTO DE PRECATÓRIOS DECORRENTES DE AÇÕES TRANSITADAS EM JULGADO A FAVOR DE SERVIDORES PÚBLICOS, EM CUMPRIMENTO AO DISPOSTO NO ART. 100 E SEUS PARÁGRAFOS DA CONSTITUIÇÃO DA REPÚBLICA, E NO ART. 78 DO ATO DAS DISPOSIÇÕES CONSTITUCIONAIS TRANSITÓRIAS – ADCT. 
9103;REQUISITÓRIO DE PEQUENO VALOR - RPV;SENTENÇAS JUDICIAIS, TRANSITADAS EM JULGADO, DE PEQUENO VALOR, NA FORMA DEFINIDA NA LEI Nº 14.699, DE 06/08/2003, NOS TERMOS DO §3º DO ART. 100 DA CONSTITUIÇÃO DA REPÚBLICA E DO ART. 87 DO ATO DAS DISPOSIÇÕES CONSTITUCIONAIS TRANSITÓRIAS. NÃO INCLUI OS PROCESSOS CONVERTIDOS EM PRECATÓRIOS, QUE SÃO CLASSIFICADOS NOS ITENS 91-02 E 91-07.
9107;PRECATÓRIOS - OUTROS;DESPESAS RESULTANTES DE PAGAMENTO DE PRECATÓRIOS DECORRENTES DE AÇÕES TRANSITADAS EM JULGADO A FAVOR DE TERCEIROS, EM CUMPRIMENTO AO DISPOSTO NO ART. 100 E SEUS PARÁGRAFOS DA CONSTITUIÇÃO DA REPÚBLICA, E NO ART. 78 DO ATO DAS DISPOSIÇÕES CONSTITUCIONAIS TRANSITÓRIAS – ADCT.
9108;OUTRAS DECISÕES JUDICIAIS - DEPÓSITO EM CONTA CORRENTE OU À DISPOSIÇÃO;DESPESA DECORRENTE DO CUMPRIMENTO DE DETERMINAÇÃO JUDICIAL EM AÇÕES AINDA NÃO TRANSITADAS EM JULGADO. 
9109;SENTENÇA ARBITRAL;DESPESAS DECORRENTES DO PAGAMENTO DE SENTENÇA ARBITRAL, CONFORME LEI ESTADUAL Nº 19.477, DE 12/01/2011.
9110;SERVIÇOS DE SAÚDE PRESTADO POR PESSOA FÍSICA – DECISÃO JUDICIAL;DESPESAS COM PRESTAÇÃO DE INTERNAÇÕES DOMICILIARES OU SERVIÇOS DE SAÚDE PARA ATENDER DETERMINAÇÃO JUDICIAL, INCLUINDO SERVIÇOS MÉDICOS, ODONTOLÓGICOS, E DE ENFERMEIROS/AUXILIARES DE ENFERMAGEM QUANDO NÃO CARACTERIZADOS POR CONTRATAÇÃO PESSOAL 
9111;SERVIÇOS DE SAÚDE PRESTADO POR PESSOA JURÍDICA – DECISÃO JUDICIAL;DESPESAS COM PRESTAÇÃO DE INTERNAÇÕES DOMICILIARES OU SERVIÇOS DE SAÚDE PARA ATENDER DETERMINAÇÃO JUDICIAL, INCLUINDO SERVIÇOS MÉDICOS, ODONTOLÓGICOS, E DE ENFERMEIROS/AUXILIARES DE ENFERMAGEM QUANDO NÃO CARACTERIZADOS POR CONTRATAÇÃO PESSOAL 
9112;MEDICAMENTOS E MATERIAL MÉDICO HOSPITALAR – DECISÃO JUDICIAL;MEDICAMENTOS OU MATERIAL MÉDICO HOSPITALAR ADQUIRIDOS PARA ATENDER DETERMINAÇÃO JUDICIAL. 
9113;INDENIZAÇÕES DETERMINADAS POR DECISÕES JUDICIAIS;DESPESAS COM O PAGAMENTO DE INDENIZAÇÕES DETERMINADAS POR DECISÕES JUDICIAIS, INCLUINDO AQUELAS DECORRENTES DE RESPONSABILIDADE SOLIDÁRIA DA ADMINISTRAÇÃO PÚBLICA, CONFORME LEGISLAÇÃO EM VIGOR, EXCLUÍDA AS SENTENÇAS JUDICIAIS – PRECATÓRIOS, QUE DEVERÃO SER ALOCADAS NO ELEMENTO ITEM 91–02 - SENTENÇAS JUDICIAIS - PRECATÓRIO 
9114;PRODUTOS ALIMENTÍCIOS – DECISÃO JUDICIAL ;AQUISIÇÃO DE PRODUTOS ALIMENTÍCIOS PARA ATENDER DETERMINAÇÃO JUDICIAL. 
9115;LOCAÇÃO DE MÁQUINAS, APARELHOS E OUTROS EQUIPAMENTOS HOSPITALARES – DECISÃO JUDICIAL ;LOCAÇÃO DE MÁQUINAS, APARELHOS E OUTROS EQUIPAMENTOS HOSPITALARES PARA ATENDER DETERMINAÇÃO JUDICIAL. 
9116;ADVOGADOS DATIVOS - SENTENÇAS JUDICIAIS;DESPESAS COM O PAGAMENTO DE HONORÁRIOS A ADVOGADOS DATIVOS, FIXADOS EM SENTENÇA JUDICIAL TRANSITADA EM JULGADO, CONFORME O DISPOSTO NA LEI Nº 13.166, DE 20/01/1999.
9117;ACORDOS ADMINISTRATIVOS OU JUDICIAIS FIRMADOS COM A CONCILIAÇÃO E MEDIAÇÃO DA CPRAC OU COMPOR ;
9118;OUTRAS SENTENÇAS JUDICIAIS;"DESPESAS COM O CUMPRIMENTO DE SENTENÇAS JUDICIAIS TRANSITADAS EM JULGADO, DE EMPRESAS PÚBLICAS E SOCIEDADES DE ECONOMIA MISTA INTEGRANTES E DEMAIS INTEGRANTES DO ORÇAMENTO FISCAL E DA SEGURIDADE SOCIAL; DECISÕES JUDICIAIS, PROFERIDAS EM MANDADOS DE SEGURANÇA E MEDIDAS CAUTELARES, REFERENTES A VANTAGENS PECUNIÁRIAS CONCEDIDAS E AINDA NAS INCORPORADAS EM CARÁTER DEFINITIVO ÀS REMUNERAÇÕES DOS BENEFICIÁRIOS. NÃO INCLUI OS PROCESSOS CONVERTIDOS EM PRECATÓRIOS OU REQUISITÓRIOS DE PEQUENO VALOR (RPV) QUE SÃO CLASSIFICADOS NOS ITENS 91-02, 91-07 E 91-03."
9201;DESPESAS DE EXERCÍCIOS ANTERIORES - PESSOAL;DESPESAS DE EXERCÍCIOS ANTERIORES DE PESSOAL.
9202;DESPESAS DE EXERCÍCIOS ANTERIORES - OUTRAS DESPESAS;DESPESAS DE EXERCÍCIOS ANTERIORES DE OUTRAS DESPESAS CORRENTES OU DE CAPITAL.
9203;DESPESAS DE EXERCÍCIOS ANTERIORES - OBRIGAÇÕES PATRONAIS;DESPESAS DE EXERCÍCIOS ANTERIORES COM OBRIGAÇÕES PATRONAIS.
9204;DESPESAS DE EXERCÍCIOS ANTERIORES - FÉRIAS-PRÊMIO;DESPESAS DE EXERCÍCIOS ANTERIORES COM FÉRIAS-PRÊMIO.
9301;AJUDA DE CUSTO;VANTAGEM DEVIDA AO SERVIDOR, A TÍTULO DE INDENIZAÇÃO DAS DESPESAS DE VIAGEM E DE NOVA INSTALAÇÃO, INCLUÍDAS DESPESAS COM TRANSPORTE DE MUDANÇAS (CONFORME LEGISLAÇÃO ESPECIFICA), QUANDO PASSAR A TER EXERCÍCIO EM NOVA SEDE OU QUANDO DESIGNADO PARA SERVIÇO OU ESTUDO FORA DO ESTADO, BEM COMO AJUDA DE CUSTO ANUAL DEVIDA A DEPUTADOS ESTADUAIS. 
9302;AJUDA DE CUSTO ESPECIAL;DEVIDA AO GOVERNADOR E VICE-GOVERNADOR, SEGUNDO LEGISLAÇÃO ESPECÍFICA.
9303;PERDAS DECORRENTES DE APLICAÇÕES FINANCEIRAS;DESPESAS REFERENTES A PERDAS DECORRENTES DE APLICAÇÕES DE RECURSOS NO MERCADO FINANCEIRO. 
9304;DESPESAS REFERENTES A RESSARCIMENTO PREVISTO NO PROGRAMA PRIMEIRO EMPREGO DO ESTADO DE MINA GERAIS;DESPESAS REFERENTES À RESSARCIMENTO PREVISTO NO PROGRAMA PRIMEIRO EMPREGO DO ESTADO DE MINAS GERAIS, EM CONFORMIDADE COM A LEI Nº 14.697, DE 30 30/07/2003.
9305;DESPESAS DECORRENTES DE CONTRATOS DE CONCESSÃO OU PERMISSÃO;DESPESAS COM O PAGAMENTO DE INDENIZAÇÕES E RESTITUIÇÕES, DEVIDAS À CONCESSIONÁRIA, DECORRENTES DE CONTRATOS DE CONCESSÃO OU PERMISSÃO ONDE O PODER PÚBLICO FIGURE COMO CONCEDENTE.
9306;RESTITUIÇÃO DE RECURSOS DE CONVÊNIO E DE CONTRAPARTIDA;"DESPESAS REFERENTES À DEVOLUÇÃO AO CONCEDENTE DE RECURSOS DE CONVÊNIOS, CONTRAPARTIDAS E INSTRUMENTOS CONGÊNERES, NÃO APLICADOS NA FORMA DISPOSTA NO INSTRUMENTO JURÍDICO FIRMADO ENTRE AS PARTES. 
(A RESTITUIÇÃO POR DESPESA ORÇAMENTÁRIA SOMENTE OCORRERÁ QUANDO VINCULADA A EXERCÍCIO ENCERRADO E NÃO OCORREU A RECLASSIFICAÇÃO DE RECEITA ORÇAMENTÁRIA PARA RECURSOS DE CONVÊNIOS A RESTITUIR. AS RECEITAS ARRECADADAS NO EXERCÍCIO CORRENTE DEVEM SER DEVOLVIDAS POR MEIO DE ANULAÇÃO DE RECEITAS E CLASSIFICAÇÃO EM RECURSOS DE CONVÊNIOS A RESTITUIR).
"
9307;RESSARCIMENTO REFERENTE  A PESSOAL REQUISITADO DA ADMINISTRAÇÃO ESTADUAL;RESSARCIMENTO DE DESPESA DE PESSOAL REQUISITADO PERTENCENTE À PRÓPRIA ADMINISTRAÇÃO PÚBLICA ESTADUAL. INCLUEM-SE NESTE ITEM AS DESPESAS COM PESSOAL REQUISITADO DE OUTRO PODER DA ADMINISTRAÇÃO ESTADUAL, BEM COMO DAS EMPRESAS ESTATAIS DEPENDENTES. NÃO SE INCLUEM NESTE ITEM AS DESPESAS REFERENTES A SERVIDORES PERTENCENTES A OUTRA ESFERA DE GOVERNO OU A EMPRESAS ESTATAIS NÃO-DEPENDENTES QUE SÃO CLASSIFICADAS NO ELEMENTO 96 ITEM 01. AS DESPESAS DE RESSARCIMENTO DE PESSOAL REQUISITADO DEVERÃO SER EMPENHADAS SEMPRE NO GRUPO DE DESPESA 1 – PESSOAL E ENCARGOS SOCIAIS.
9308;DESPESAS DE CARÁTER INDENIZATÓRIO RELATIVAS AO MANDADO PARLAMENTAR;"DESPESAS INDENIZATÓRIAS REALIZADAS EM RAZÃO DE ATIVIDADE INERENTE AO EXERCÍCIO DO MANDATO PARLAMENTAR, TAIS COMO: ALUGUEL DE IMÓVEL DESTINADO À INSTALAÇÃO DE ESCRITÓRIO DE REPRESENTAÇÃO POLÍTICO-PARLAMENTAR BEM COMO AS DESPESAS PARA SUA MANUTENÇÃO; AQUISIÇÃO DE MATERIAL DE CONSUMO, COMBUSTÍVEL, MANUTENÇÃO GERAL E LOCAÇÃO DE VEÍCULOS UTILIZADOS NO EXERCÍCIO DA ATIVIDADE PARLAMENTAR; DESPESAS DE DIVULGAÇÃO DA ATIVIDADE PARLAMENTAR; CONTRATAÇÃO DE SERVIÇOS DE CONSULTORIA; HOSPEDAGEM, ALIMENTAÇÃO, PASSAGENS, PROMOÇÃO DE EVENTOS E OUTRAS DESPESAS DE CUSTEIO DA ATIVIDADE PARLAMENTAR. AS DESPESAS REFEREM-SE AO DISPOSTO NOS ARTIGOS 3º E 4º DA RESOLUÇÃO Nº 5.459, DE 2/01/2014."
9309;PREMIO DE PRODUTIVIDADE;DESPESAS COM O PAGAMENTO DO PRÊMIO DE PRODUTIVIDADE DOS SERVIDORES CIVIS E MILITARES, CONSTITUINDO ESTE PAGAMENTO ISOLADO, EVENTUAL, CONTINGENCIAL E DE NATUREZA HÍBRIDA (COMPENSATÓRIA E PREMIAL).
9310;RESTITUIÇÃO DE RECEITA - EXERCÍCIO ANTERIOR;DESPESAS REFERENTES À DEVOLUÇÃO DE RECEITAS DE EXERCÍCIOS ANTERIORES QUANDO NÃO FOR POSSÍVEL EFETUAR ESSA DEVOLUÇÃO MEDIANTE A COMPENSAÇÃO COM A RECEITA. 
9312;INDENIZAÇÃO POR UTILIZAÇÃO DE BENS DE TERCEIROS;DESPESAS COM REPAROS DE BENS DE TERCEIROS, EM VIRTUDE DA UTILIZAÇÃO DOS MESMOS PELA ADMINISTRAÇÃO PÚBLICA, REALIZADA DIRETAMENTE PELO PROPRIETÁRIO, CONFORME LEGISLAÇÃO EM VIGOR.
9313;REEMBOLSO DE DESPESAS MÉDICO-HOSPITALARES;REEMBOLSO DE DESPESAS MÉDICO-HOSPITALARES OU ODONTOLÓGICAS REALIZADAS POR SEGURADOS DO IPSM, IPSEMG e/ou UNIDADES DO SISTEMA OPERACIONAL DE SAÚDE, EM CASOS EMERGENCIAIS, CONFORME LEGISLAÇÃO EM VIGOR.
9314;INDENIZAÇÕES DETERMINADAS POR DECISÕES JUDICIAIS;ITEM BLOQUEADO
9315;INDENIZAÇÃO DECORRENTE DE RESCISÃO UNILATERAL;DESPESAS DECORRENTES DA RESCISÃO UNILATERAL DE CONTRATOS EM VIRTUDE DO INTERESSE DA ADMINISTRAÇÃO PÚBLICA.
9316;INDENIZAÇÕES DETERMINADAS POR LEI ESPECÍFICA;DESPESAS COM O PAGAMENTO DE INDENIZAÇÕES DETERMINADAS POR FORÇA DE LEI ESPECÍFICA.
9317;INDENIZAÇÃO DECORRENTE DO EXERCÍCIO DE CARGOS DE CONSELHEIROS, CONSELHEIROS SUBSTITUTOS, PROCURADOR-GERAL E SUBPROCURADOR-GERAL JUNTO AO TRIBUNAL DE CONTAS;DESPESA INDENIZATÓRIA DEVIDA AOS CONSELHEIROS, CONSELHEIROS SUBSTITUTOS, PROCURADOR-GERAL E SUBPROCURADOR-GERAL JUNTO AO TRIBUNAL DE CONTAS, DE ACORDO COM LEGISLAÇÃO EM VIGOR (LEI COMPLEMENTAR Nº 102, 17/01/2008 ARTS. 14 E 31, § 1º, COM REDAÇÃO DADA PELA LEI COMPLEMENTAR Nº 169, DE 29/12/2022).
9318;DESPESAS COM AUXILIO MORADIA DE CARÁTER INDENIZATÓRIO RELATIVAS AO MANDADO PARLAMENTAR;DESPESAS INDENIZATÓRIAS COM AUXÍLIO-MORADIA REALIZADAS EM RAZÃO DE ATIVIDADE INERENTE AO EXERCÍCIO DO MANDATO PARLAMENTAR, NOS TERMOS DOS ARTIGOS 2º E 4º DA RESOLUÇÃO Nº 5.459, DE 2/01/2014.
9319;INDENIZAÇÕES DECORRENTES DA UTILIZAÇÃO DE LEITOS DE INSTITUIÇÕES DE SAÚDE PRIVADAS;DESPESAS EXCEPCIONAIS COM O PAGAMENTO DE INDENIZAÇÕES ORIUNDAS DO ATENDIMENTO MÉDICO HOSPITALAR EMERGENCIAL E URGENTE, APÓS A ANÁLISE DA NECESSIDADE CLÍNICA, REALIZADO POR INSTITUIÇÕES DE SAÚDE PRIVADAS NOS CASOS DE INSUFICIÊNCIA DO SUS. 
9323;INDENIZAÇÃO DECORRENTE DE AUXÍLIO-SAÚDE;DESPESAS INDENIZATÓRIAS DECORRENTES DE AUXÍLIO-SAÚDE, CONFORME CRITÉRIOS ESTABELECIDOS NA RESOLUÇÃO Nº05, DE 08/07/2015 E RESOLUÇÃO Nº 11/2021 DE 09/11/2021 DO TRIBUNAL DE CONTAS DO ESTADO DE MINAS GERAIS, RESOLUÇÃO Nº 782, DE 18/12/2014 DO TRIBUNAL DE JUSTIÇA DO ESTADO DE MINAS GERAIS, NA RESOLUÇÃO Nº 148, DE 18/12/2014 DO TRIBUNAL DE JUSTIÇA MILITAR DO ESTADO DE MINAS GERAIS, NA RESOLUÇÃO DA PROCURADORIA GERAL DE JUSTIÇA Nº 109, DE 17/12/2014 E NOS TERMOS DO ART. 114, XII, DA LEI COMPLEMENTAR ESTADUAL Nº 59, DE 18/01/2001 E DO ART. 119, XX DA LEI COMPLEMENTAR ESTADUAL Nº 34, DE 12/09/1994.
9324;AUXÍLIO-MORADIA DE CARÁTER INDENIZATÓRIO;DESPESAS INDENIZATÓRIAS COM AUXÍLIO-MORADIA DEVIDAS A MAGISTRADOS, MEMBROS DO MINISTÉRIO PÚBLICO ESTADUAL, OCUPANTES DE CARGO EFETIVO DE PROCURADOR DO ESTADO E RESIDENTES DE PROGRAMAS DE RESIDÊNCIA, REALIZADAS CONFORME OS CRITÉRIOS, REQUISITOS E LIMITES ESTABELECIDOS NA LEGISLAÇÃO ESPECÍFICA DE CADA ÓRGÃO.
9325;AUXÍLIO-MORADIA DE CARÁTER INDENIZATÓRIO DEVIDO PELO TCE;DESPESAS INDENIZATÓRIAS COM AUXÍLIO-MORADIA REALIZADAS A FAVOR DOS CONSELHEIROS, DOS CONSELHEIROS SUBSTITUTOS E DOS PROCURADORES DO MINISTÉRIO PÚBLICO JUNTO AO TRIBUNAL DE CONTAS, NOS TERMOS DA RESOLUÇÃO Nº 20, 12/11/2014 DO TCEMG E DAS LEIS COMPLEMENTARES ESTADUAIS Nº DE 12/09/1994, Nº 59 DE 18/01/2001 E Nº 61, DE 12/07/2001.
9326;RESTITUICAO REFERENTE A TAXA DE INSCRIÇÃO, MATERIAL E SIMILARES;REEMBOLSO DE DESPESAS A SERVIDORES, APROVADAS PELO ORDENADOR DE DESPESA E CONFORME LEGISLAÇÃO EM VIGOR, REFERENTE TAXA DE INSCRIÇÃO, MATERIAL E SIMILARES PARA PARTICIPAÇÃO EM CURSOS, EXPOSIÇÕES, CONGRESSOS, SEMINÁRIOS, SIMPÓSIOS E CONFERÊNCIAS, PROMOVIDOS POR TERCEIROS E NA IMPOSSIBILIDADE DO PAGAMENTO DIRETO AO PATROCINADOR.
9327;INDENIZAÇÃO DE TRANSPORTE DEVIDA AO OFICIAL DE JUSTIÇA E OFICIAL DE CARTÓRIO;DESPESA INDENIZATÓRIA DE TRANSPORTE DEVIDA AO OFICIAL DE JUSTIÇA (PROCESSO JUDICIAL) E OFICIAL DE CARTÓRIO (PROCESSO EXTRAJUDICIAL) A TÍTULO DE RESSARCIMENTO DE DESPESA REALIZADA COM LOCOMOÇÃO, PARA FAZER CITAÇÃO, INTIMAÇÃO E CUMPRIR DILIGÊNCIA.
9328;PENSÃO ACIDENTÁRIA;DESPESAS COM PENSÕES CONCEDIDAS À VIÚVA E DEPENDENTES DE SERVIDOR E MILITAR FALECIDO EM CONSEQUÊNCIA DE ACIDENTE NO DESEMPENHO DE SUAS FUNÇÕES
9329;DESPESA REFERENTE A RESSARCIMENTO SOBRE A REMUNERAÇÃO DOS PRESOS EM TRABALHO;DESPESA REFERENTE A RESSARCIMENTO SOBRE A REMUNERAÇÃO DOS PRESOS EM TRABALHO, OBSERVADA AS DISPOSIÇÕES PREVISTAS NAS LEIS DE EXECUÇÃO PENAL FEDERAL E ESTADUAL.
9330;REEMBOLSO DE DESPESA REALIZADA E CONTRATOS OU CONVÊNIOS FIRMADOS EM REGIME DE PARCERIA;DESPESA REFERENTE AO PAGAMENTO DE REEMBOLSO DEVIDO À EMPRESA OU EMPRESAS PARCEIRAS PELOS ENCARGOS DA CONTRATAÇÃO E PELO CUSTO TOTAL OU PARCIAL DO EMPREENDIMENTO EXECUTADO EM REGIME DE PARCERIA COM O PODER EXECUTIVO. 
9331;RESTITUIÇÃO DE RECURSOS DE DEPÓSITOS JUDICIAIS;DESPESAS COM A RESTITUIÇÃO DOS VALORES REFERENTES AOS DEPÓSITOS JUDICIAIS DE TERCEIROS DECORRENTES DE PROCESSOS JUDICIAIS VINCULADOS AO TJMG, QUE LHE FORAM TRANSFERIDOS NOS TERMOS DA LEI Nº 21.720/2015, DECLARADA INCONSTITUCIONAL PELO SUPREMO TRIBUNAL FEDERAL NOS AUTOS DA ADI Nº 5.353, BEM COMO DESPESAS COM OS REPASSES DOS VALORES ACORDADOS REFERENTES AO RESSARCIMENTO DA CONTRAPRESTAÇÃO PECUNIÁRIA A QUE FAZ JUS O TJMG RELATIVA À GESTÃO DOS DEPÓSITOS JUDICIAIS.
9332;DESPESAS COM O REPASSE A MUNICÍPIOS DEVIDO À COMPENSAÇÃO DAS PARCELAS VINCENDAS DOS CONTRATOS DE DÍVIDAS DO ESTADO COM AS PERDAS RELACIONADAS AO ICMS;DESPESAS COM O REPASSE A MUNICÍPIOS DEVIDO A COMPENSAÇÃO DAS PARCELAS VINCENDAS DOS CONTRATOS DE DÍVIDAS DO ESTADO, ADMINISTRADAS PELA STN, COM AS PERDAS RELACIONADAS AO ICMS, A PARTIR DA ENTRADA EM VIGOR DAS LEIS COMPLEMENTARES 192/2022 E 194/2022 E DE ACORDO COM A AÇÃO ORIGINÁRIA (ACO) 3.594.
9333;RESTITUIÇÃO DE RECURSOS – LC 151/2015;DEVOLUÇÃO DOS DEPÓSITOS JUDICIAIS COM REVÉS PARA O ESTADO, NOS TERMOS DA LEI COMPLEMENTAR FEDERAL N° 151/2015
9334;RECOMPOSIÇÃO DOS DEPÓSITOS JUDICIAIS – LC 151/2015;DESPESAS COM A RECOMPOSIÇÃO DOS DEPÓSITOS TRANSFERIDOS PARA A CONTA ÚNICA DO TESOURO DO ESTADO, REFERENTES AOS PROCESSOS JUDICIAIS OU ADMINISTRATIVOS, TRIBUTÁRIOS OU NÃO TRIBUTÁRIOS, NOS QUAIS O ESTADO FAZIA PARTE, NOS TERMOS DA LEI COMPLEMENTAR 151/2015.
9335;RESTITUIÇÃO DE RECURSOS DE DEPÓSITOS ADMINISTRATIVOS E JUDICIAIS;DESPESAS COM A RESTITUIÇÃO DOS VALORES REFERENTES AOS DEPÓSITOS JUDICIAIS OU DEPÓSITOS ADMINISTRATIVOS. A RESTITUIÇÃO DOS VALORES REFERENTES AOS DEPÓSITOS JUDICIAIS DE TERCEIROS (DECORRENTES DE PROCESSOS JUDICIAIS VINCULADOS AO TJMG, CONSOANTE A LEI Nº 21.720/2015) DEVEM SER ENQUADRADOS NO ELEMENTO ITEM 93-31.
9336;RECOMPOSIÇÃO DA COMPENSAÇÃO FINANCEIRA DOS REGIMES DE PREVIDÊNCIA – LC nº184/2025;RECOMPOSIÇÃO DE DESPESAS COM A COMPENSAÇÃO FINANCEIRA ENTRE OS REGIMES PREVIDENCIÁRIOS, NOS TERMOS DA LC Nº 212/2025 - PROPAG - E DO ART. 2º DA LC ESTADUAL Nº 184/2025.
9337;GRATIFICAÇÃO POR EXERCÍCIO CUMULATIVO DE JURISDIÇÃO, ATRIBUIÇÃO OU OFÍCIO;DESPESA INDENIZATÓRIA DECORRENTE DO EXERCÍCIO CUMULATIVO DE JURISDIÇÃO, ATRIBUIÇÃO, FUNÇÃO, OFÍCIO OU ATIVIDADE DISTINTA DAQUELA ORDINARIAMENTE EXERCIDA, QUANDO HOUVER EFETIVO ACRÉSCIMO DE ATRIBUIÇÕES OU RESPONSABILIDADES. O PAGAMENTO PODERÁ OBSERVAR LIMITE PERCENTUAL SOBRE A REMUNERAÇÃO DE REFERÊNCIA E SER APURADO DE FORMA PROPORCIONAL AO PERÍODO DE EXERCÍCIO.
9338;GRATIFICAÇÃO DE PROTEÇÃO À PRIMEIRA INFÂNCIA E À MATERNIDADE;DESPESA INDENIZATÓRIA DESTINADA AO CUSTEIO OU COMPENSAÇÃO DE ENCARGOS RELACIONADOS À PROTEÇÃO DA PRIMEIRA INFÂNCIA E À MATERNIDADE, OBSERVADOS OS CRITÉRIOS, LIMITES E CONDIÇÕES DEFINIDOS EM REGULAMENTAÇÃO PRÓPRIA. O PAGAMENTO PODERÁ SER CALCULADO POR DEPENDENTE, RESPEITADOS OS LIMITES ESTABELECIDOS E EVENTUAIS VEDAÇÕES DE CUMULATIVIDADE.
9339;VALORIZAÇÃO POR TEMPO DE ANTIGUIDADE NA CARREIRA ;DESPESA INDENIZATÓRIA VINCULADA AO TEMPO DE EXERCÍCIO OU PERMANÊNCIA NA CARREIRA, CALCULADA COM BASE EM PERCENTUAL INCIDENTE SOBRE A REMUNERAÇÃO DE REFERÊNCIA, CONFORME CRITÉRIOS DE TEMPO, COMPROVAÇÃO E LIMITES DEFINIDOS EM REGULAMENTAÇÃO PRÓPRIA.
9340;INDENIZAÇÃO DE FÉRIAS NÃO USUFRUÍDAS;DESPESA INDENIZATÓRIA RELATIVA À CONVERSÃO EM PECÚNIA DE FÉRIAS NÃO USUFRUÍDAS, QUANDO NÃO TENHA SIDO POSSÍVEL SUA FRUIÇÃO NO PERÍODO CORRESPONDENTE. A APURAÇÃO PODERÁ OBSERVAR O PERÍODO AQUISITIVO, A PROPORCIONALIDADE APLICÁVEL E OS LIMITES DEFINIDOS EM REGULAMENTAÇÃO PRÓPRIA.
9341;DESPESAS COM A TRANSFERÊNCIA DE RECURSOS AO FUNDO DO TRIBUNAL DE CONTAS DO ESTADO DE MINAS GERAIS – FUNCONTAS-TCEMG;DESPESAS COM A TRANSFERÊNCIA DE RECURSOS AO FUNDO DO TRIBUNAL DE CONTAS DO ESTADO DE MINAS GERAIS – FUNCONTAS - TCEMG, DISCIPLINADO PELA LEI ESTADUAL Nº 22.478/2017 E REGULAMENTADO PELA RESOLUÇÃO Nº 19/2017.
9399;OUTRAS INDENIZAÇÕES E RESTITUIÇÕES;OUTRAS DESPESAS NÃO CLASSIFICADAS NOS ITENS ACIMA.
9401;INDENIZAÇÕES E RESTITUIÇÕES TRABALHISTAS;DESPESAS RESULTANTES DO PAGAMENTO EFETUADO A SERVIDORES PÚBLICOS CIVIS, EMPREGADOS DE ENTIDADES INTEGRANTES DA ADMINISTRAÇÃO PÚBLICA E CONTRATADOS POR TEMPO DETERMINADO PARA ATENDER À NECESSIDADE TEMPORÁRIA DE EXCEPCIONAL INTERESSE PÚBLICO, INCLUSIVE FÉRIAS E AVISO PRÉVIO INDENIZADOS, MULTAS E CONTRIBUIÇÕES INCIDENTES SOBRE OS DEPÓSITOS DO FUNDO DE GARANTIA POR TEMPO DE SERVIÇO, ETC., EM FUNÇÃO DA PERDA DA CONDIÇÃO DE SERVIDOR, EMPREGADO OU ?CONTRATADO TEMPORARIAMENTE, PODENDO SER EM DECORRÊNCIA DA PARTICIPAÇÃO EM PROGRAMA DE DESLIGAMENTO VOLUNTÁRIO, BEM COMO A RESTITUIÇÃO DE VALORES DESCONTADOS INDEVIDAMENTE, QUANDO NÃO FOR POSSÍVEL EFETUAR ESSA RESTITUIÇÃO MEDIANTE COMPENSAÇÃO COM A RECEITA CORRESPONDENTE.
9402;FÉRIAS-PRÊMIO-RECRUTAMENTO AMPLO;FÉRIAS PRÊMIO DEVIDA AO DETENTOR EXCLUSIVAMENTE DE CARGO EM COMISSÃO DECLARADO DE LIVRE NOMEAÇÃO E EXONERAÇÃO DO QUADRO DE PESSOAL DO RESPECTIVO ÓRGÃO, EXONERADO A PARTIR DE 28 DE DEZEMBRO DE 2000, FICA ASSEGURADA A CONVERSÃO EM ESPÉCIE DAS FÉRIAS-PRÊMIO NÃO GOZADAS, A TÍTULO DE INDENIZAÇÃO, DESDE QUE NÃO SEJA RECONDUZIDO AO SERVIÇO PÚBLICO ESTADUAL NO PRAZO DE 90 (NOVENTA) DIAS CONTADOS DA DATA DA EXONERAÇÃO. 
9501;INDENIZAÇÃO PELA EXECUÇÃO DE TRABALHOS DE CAMPO;"DESPESAS COM INDENIZAÇÕES DEVIDAS AOS SERVIDORES QUE SE AFASTAREM DE SEU LOCAL DE TRABALHO, SEM DIREITO À PERCEPÇÃO DE DIÁRIAS, PARA EXECUÇÃO DE TRABALHOS DE CAMPO, TAIS COMO OS DE CAMPANHA DE COMBATE E CONTROLE DE ENDEMIAS; MARCAÇÃO, INSPEÇÃO E MANUTENÇÃO DE MARCOS DECISÓRIOS; TOPOGRAFIA, PESQUISA, SANEAMENTO BÁSICO, INSPEÇÃO E FISCALIZAÇÃO DE FRONTEIRAS INTERNACIONAIS. "
9601;RESSARCIMENTO DE DESPESAS DE PESSOAL REQUISITADO;RESSARCIMENTO DAS DESPESAS REALIZADAS PELO ÓRGÃO OU ENTIDADE DE ORIGEM QUANDO O SERVIDOR PERTENCER A OUTRAS ESFERAS DE GOVERNO OU A EMPRESAS ESTATAIS NÃO-DEPENDENTES E OPTAR PELA REMUNERAÇÃO DO CARGO EFETIVO, NOS TERMOS DAS NORMAS VIGENTES. AS DESPESAS REALIZADAS NESTE ITEM DEVEM SER CLASSIFICADAS NO GRUPO DE DESPESA 1 – PESSOAL E ENCARGOS SOCIAIS. 
9701;APORTE PARA COBERTURA DO DÉFICIT ATUARIAL DO RPPS;DESPESAS COM APORTES PERIÓDICOS DESTINADOS À COBERTURA DO DÉFICIT ATUARIAL DO REGIME PRÓPRIO DE PREVIDÊNCIA SOCIAL – RPPS, CONFORME PLANO DE AMORTIZAÇÃO ESTABELECIDO EM LEI DO RESPECTIVO ENTE FEDERATIVO, EXCETO AS DECORRENTES DE ALÍQUOTA DE CONTRIBUIÇÃO SUPLEMENTAR.
9801;DESPESAS DO ORÇAMENTO DE INVESTIMENTO ;DESPESAS ORÇAMENTÁRIAS DECORRENTES DA EXECUÇÃO DAS PROGRAMAÇÕES DO ORÇAMENTO DE INVESTIMENTO.
